name,state_code,status,target_failure,funding_rounds,funding_total_usd,milestones,relationships,is_top500,has_VC,has_roundA,has_roundB,age_first_funding_year,age_last_funding_year,pred_failure_prob_rf,risk_bucket_rf
Bandsintown,CA,acquired,0,3,375000,3,3,0,0,0,0,2.2493,3.0027,0.32716551727181187,Low
TriCipher,CA,acquired,0,4,40100000,1,9,1,1,0,1,5.126,9.9973,0.1822702951159255,Low
Plixi,CA,acquired,0,1,2600000,2,5,1,0,1,0,1.0329,1.0329,0.2020056391619402,Low
Solidcore Systems,CA,acquired,0,3,40000000,1,5,1,0,0,1,3.1315,5.3151,0.15145322761852353,Low
Inhale Digital,CA,closed,1,2,1300000,1,2,1,1,0,0,0.0,1.6685,0.7232646873459845,High
Matisse Networks,CA,closed,1,1,7500000,1,3,1,0,0,1,4.5452,4.5452,0.4795560560042218,Medium
RingCube Technologies,CA,acquired,0,3,26000000,2,6,1,1,1,1,1.7205,5.211,0.2238487587144336,Low
ClairMail,CA,acquired,0,3,34100000,3,25,1,0,1,1,1.6466,6.7616,0.0632672224542925,Low
VoodooVox,MA,acquired,0,3,9650000,4,13,1,1,1,0,3.5863,11.1123,0.20745915924708278,Low
Doostang,CA,acquired,0,3,5750000,4,14,1,1,1,0,1.6712,4.6849,0.1339310448526874,Low
Zong,CA,acquired,0,3,27500000,3,22,1,0,1,1,4.6274,9.4493,0.1430506952807293,Low
Center'd,CA,closed,1,5,10400000,2,8,1,1,1,0,1.0849,5.3370000000000015,0.4351522781968734,Medium
Resonant Vibes,KY,closed,1,1,350000,0,0,0,1,0,0,4.9041,4.9041,0.8963897248969793,High
drop.io,NY,acquired,0,3,9950000,3,15,1,0,1,1,0.0192,2.4356,0.05747180603662489,Low
Stratavia,CO,acquired,0,5,10700000,1,12,1,0,1,1,4.6658,8.9973,0.13059476578173942,Low
Invicta Networks,VA,closed,1,1,200000,0,0,0,1,0,0,6.6082,6.6082,0.8600193628618344,High
QSecure,CA,closed,1,5,49000000,1,8,1,1,1,1,2.5863,6.7644,0.4263826579255812,Medium
MeeVee,CA,acquired,0,4,25000000,3,7,1,0,1,1,4.5918,7.1726,0.13406976293619427,Low
SinglePlatform,NY,acquired,0,3,4575000,3,10,1,0,1,0,0.7425,1.5808,0.07160214771936442,Low
Bling Nation,CA,closed,1,2,28000000,3,13,1,0,1,1,2.5014,2.8301,0.14697629357145262,Low
Metreos Corporation,TX,acquired,0,2,4355000,3,8,0,0,1,0,2.2137,3.7863,0.42581119502096887,Medium
Hidden City Games,WA,closed,1,1,15000000,1,3,1,0,0,1,3.8329,3.8329,0.34958999957416437,Medium
Neopolitan Networks,CA,closed,1,1,3170000,1,1,0,0,1,0,5.4904,5.4904,0.6928906330321921,High
Pixelpipe,CA,closed,1,2,2300000,3,4,0,0,1,0,-1.0,3.3151,0.47784511821924347,Medium
EventVue,CO,closed,1,2,455000,0,5,1,0,1,0,0.2521,0.337,0.6490423081254642,Medium
BridgePort Networks,IL,acquired,0,1,13000000,1,3,1,0,0,0,4.8411,4.8411,0.28991832569759457,Low
Scalent Systems,CA,acquired,0,1,15000000,1,7,1,0,0,0,4.0603,4.0603,0.16361500334533338,Low
IQ Engines,CA,acquired,0,1,3800000,3,2,1,0,0,1,4.0685,4.0685,0.41148842884405984,Medium
"RetailMeNot, Inc.",TX,acquired,0,5,299500000,2,37,1,1,1,0,2.5068,4.5315,0.22638908521783316,Low
Mophie,CA,acquired,0,1,1000000,3,5,1,1,0,0,1.189,1.189,0.22209999430923494,Low
Airship Ventures,CA,closed,1,2,10500000,1,3,1,0,1,1,1.3534,2.1644,0.23173130243400683,Low
Lockdown Networks,WA,acquired,0,2,8600000,1,6,1,1,0,1,4.1534,5.1671,0.23786398415507884,Low
eMinor,NC,closed,1,2,5000000,0,9,1,0,1,1,-0.1671,2.0192,0.5632301855157116,Medium
Karma,CA,acquired,0,2,2304999,2,3,1,1,0,0,0.0,0.8685,0.4477394263648203,Medium
Zipano,PA,closed,1,1,25000,0,2,0,0,0,0,0.0822,0.0822,0.935378177280537,High
Entertainment Media Works,NY,closed,1,1,4000000,1,1,1,0,0,1,2.6575,2.6575,0.6809529443962807,High
Elastra,CA,closed,1,2,14600000,3,8,1,0,1,1,0.6192,1.5945,0.314710990688206,Low
RPO,CA,closed,1,3,44000000,0,0,1,0,0,1,1.063,5.7014,0.6852728003534716,High
Fotomoto,CA,acquired,0,3,1822922,3,10,1,0,1,0,0.1671,2.6493,0.09418989192828513,Low
Peer39,NY,acquired,0,7,29915001,5,18,1,1,1,1,0.0,5.9041,0.1278891723225634,Low
Vitrue,GA,acquired,0,4,33000000,5,26,1,0,1,1,0.0,4.8027,0.13227633256075927,Low
Trendslide,NH,acquired,0,2,125000,2,9,0,0,0,0,0.0,0.5836,0.4052715692711464,Medium
PublicEarth,CA,closed,1,2,4000000,2,7,1,1,1,0,0.1041,2.3863,0.46610750256499567,Medium
Azaleos,WA,acquired,0,1,10000000,3,10,1,0,0,0,3.4904,3.4904,0.11222457221241666,Low
Efficient Frontier,CA,acquired,0,1,6000000,4,25,1,0,0,0,4.6658,4.6658,0.11164624503555423,Low
NetDevices,CA,acquired,0,1,25000000,0,4,1,0,0,1,2.6247,2.6247,0.4469106981215267,Medium
Go Try It On,NY,acquired,0,3,3750000,3,2,1,0,1,0,0.926,2.9534,0.478004295259739,Medium
Performable,MA,acquired,0,1,3000000,2,9,1,0,1,0,0.2466,0.2466,0.2209985933837029,Low
Appstores.com,CA,acquired,0,2,1155000,2,6,1,0,0,0,0.189,1.189,0.18482424470785205,Low
Fortify Software,CA,acquired,0,1,10000000,2,11,1,0,0,0,3.2082,3.2082,0.12221853558039827,Low
iCurrent,CA,acquired,0,1,3000000,1,5,1,0,1,0,2.5836,2.5836,0.31541331985392995,Low
AisleBuyer,MA,acquired,0,2,11500000,3,4,1,0,0,0,1.8932,2.4466,0.12238811366720495,Low
Indeed,TX,acquired,0,1,5000000,5,12,1,0,1,0,0.7479,0.7479,0.4672407776920675,Medium
Colubris Networks,MA,acquired,0,2,29000000,1,9,1,1,0,0,5.1863,6.8137,0.1313700312011923,Low
Mashery,CA,acquired,0,6,34700000,4,37,1,1,1,1,0.6712,6.2329,0.12856349294974906,Low
Transparency Software,CA,closed,1,2,12050000,0,0,1,1,1,0,1.1863,3.4986,0.6903909070428446,High
Viewdle,CA,acquired,0,3,12000000,2,13,1,1,1,1,2.1644,4.7616,0.09261089963535518,Low
Enclarity,CA,acquired,0,1,5500000,1,18,1,0,0,0,4.1041,4.1041,0.15423163225509887,Low
Virsto Software,CA,acquired,0,3,24000000,4,10,1,0,1,1,1.989,4.1534,0.08592794421567437,Low
Handmark,MO,acquired,0,2,10000000,2,6,1,0,1,1,5.2027,6.189,0.1677953950458884,Low
Viacor,MA,closed,1,3,19009671,1,10,1,0,0,1,2.7836,10.9507,0.24238892703334988,Low
Carbonetworks,CA,closed,1,1,5000000,1,6,1,0,1,0,3.4986,3.4986,0.39034892864433296,Medium
SchemaLogic,WA,acquired,0,5,18914576,1,2,1,1,0,0,4.0466,9.3041,0.490657089302611,Medium
Skyway Software,FL,closed,1,1,4000000,0,0,0,1,0,0,6.3726,6.3726,0.8227981002018455,High
CardStar,MA,acquired,0,3,2030882,2,5,1,0,1,0,1.3259999999999998,2.7836,0.10209436253694935,Low
Makani Power,CA,acquired,0,1,5000000,2,4,1,0,0,1,2.6438,2.6438,0.2501632759824123,Low
Myrio,WA,closed,1,1,20500000,0,5,1,1,0,0,1.0877,1.0877,0.5938949560144052,Medium
Intela,CO,acquired,0,2,13250000,4,4,0,1,0,0,3.9616,6.5205,0.21500355687764322,Low
Sana Security,CA,acquired,0,1,12000000,1,7,1,0,0,0,7.2548,7.2548,0.22441299647951884,Low
Sportgenic,CA,acquired,0,3,11489687,2,9,1,0,1,1,1.3342,3.0247,0.07069727080773767,Low
Lolapps,CA,acquired,0,1,4000000,3,15,1,0,1,0,0.6795,0.6795,0.26676968544676927,Low
Behavio,CA,acquired,0,1,355000,1,3,0,0,0,0,-0.0301,-0.0301,0.6977877359738911,High
Infinity Box,FL,acquired,0,2,118000,3,10,1,0,0,0,0.0,0.2466,0.28304879274336464,Low
adBrite,CA,acquired,0,4,40400000,3,17,1,0,1,1,1.6685,9.337,0.09803990825104994,Low
Texert,TX,closed,1,1,3000000,0,1,1,0,1,0,1.8055,1.8055,0.8658798070558023,High
Mendocino Software,CA,closed,1,2,19700000,1,2,1,1,0,1,2.6986,4.0027,0.5640302171681151,Medium
QuikCycle,CA,closed,1,2,17800000,0,0,1,1,0,0,9.1671,9.1973,0.8215667183615823,High
Instagram,CA,acquired,0,3,57500000,3,12,1,0,1,1,0.011,2.0986,0.11025097693678959,Low
Motionbox,NY,acquired,0,3,17200000,5,10,1,0,1,1,0.6658,3.0384,0.06955257877714209,Low
AccelGolf,MA,closed,1,7,457282,2,4,1,1,0,0,-0.5836,1.3425,0.5765134271643583,Medium
MoPub,CA,acquired,0,4,18500000,3,11,1,0,1,1,-0.0219,2.0329,0.06038167236046578,Low
DNP Green Technology,NJ,closed,1,1,12000000,0,2,1,0,1,0,2.0466,2.0466,0.678257149566044,High
Abound Solar,CO,closed,1,2,510000000,3,5,1,1,0,0,3.5123,3.9562,0.2551066096028993,Low
Trovix,CA,acquired,0,2,18250000,1,3,1,0,1,1,3.9342,4.6822,0.15921287285064037,Low
Thumbplay,NY,acquired,0,4,41500019,5,13,1,0,0,0,2.1616,5.6384,0.11748196025384178,Low
Plethora Technology,WV,closed,1,1,1000000,0,1,0,0,1,0,5.4411,5.4411,0.8761500959706634,High
DailyStrength,CA,acquired,0,1,5000000,2,7,1,0,1,0,1.1288,1.1288,0.27336352296084454,Low
Danotek Motion Technologies,MI,closed,1,3,42700000,1,2,1,1,0,1,7.8877,10.6658,0.8065154826644435,High
Yub,CA,closed,1,1,12000000,0,7,1,1,0,0,0.8822,0.8822,0.6188749431902054,Medium
SNAPin Software,WA,acquired,0,2,22300000,2,5,1,0,0,1,2.526,3.1041,0.18445496313644688,Low
Azuro,CA,acquired,0,2,10000000,1,5,1,1,0,1,4.0027,7.8712,0.2432597729888468,Low
ARPU,DC,closed,1,3,15564591,0,1,1,1,0,1,1.1671,4.6658,0.5760800384103997,Medium
BookFresh,CA,acquired,0,1,500000,2,7,1,0,0,0,2.5726,2.5726,0.2277666860428294,Low
Singly,CA,acquired,0,2,8950000,2,24,1,0,1,0,0.1151,1.3397,0.08346158649617128,Low
TxVia,NY,acquired,0,4,55350000,2,8,1,0,1,1,1.7479,4.8192,0.2569314825930565,Low
Blue Vector Systems,CA,closed,1,1,4000000,0,1,1,0,0,1,3.7233,3.7233,0.8192735205164576,High
Open Kernel Labs,IL,acquired,0,5,10764323,3,3,1,1,1,0,1.6986,6.5151,0.3698300051745368,Medium
Elanti Systems,NJ,closed,1,1,5500000,1,1,1,1,0,0,1.4082,1.4082,0.7564402700217511,High
Astrid,CA,acquired,0,1,400000,2,7,1,0,0,0,4.2849,4.2849,0.19790105850788395,Low
Nordic Windpower,CA,closed,1,3,54000000,0,3,1,1,0,0,0.7507,3.0137,0.6218395664979183,Medium
Visiprise,GA,closed,1,1,32000000,0,2,1,0,0,1,20.8055,20.8055,0.8196123107195392,High
Hubspan,WA,acquired,0,1,13000000,0,1,1,0,0,0,5.789,5.789,0.522859334754281,Medium
iConclude,WA,acquired,0,3,12500000,0,5,1,1,1,1,0.0849,1.2712,0.2886367543230865,Low
41st Parameter,CA,acquired,0,4,38064570,2,16,1,1,0,1,2.3507,8.2822,0.10772118523760009,Low
Aardvark,CA,acquired,0,2,6000000,2,21,1,0,1,0,-0.4959,1.2548,0.091717705582299,Low
Hotelicopter,VA,closed,1,2,5000000,6,4,0,0,1,1,2.4658,4.8329,0.4364653502394641,Medium
Anystream,VA,acquired,0,3,59000000,3,9,1,1,0,0,0.0,7.1068,0.14561731401241873,Low
CakeStyle,IL,closed,1,1,1000000,2,2,0,0,0,0,1.0356,1.0356,0.7431708013413355,High
Fluther,CA,acquired,0,1,600000,3,5,1,0,0,0,2.7233,2.7233,0.20866815453692655,Low
Pocket Communications Northeast,CT,closed,1,2,125000000,2,0,1,0,1,1,2.8356,3.1397,0.6129278314087329,Medium
Goodreads,CA,acquired,0,2,2750000,3,11,1,0,1,0,0.7945,2.9014,0.07849749340163864,Low
Woven Systems,CA,acquired,0,2,30000000,0,1,1,0,1,1,2.9178,4.7342,0.577861351611044,Medium
Kolorific,CA,closed,1,1,7000000,0,0,0,0,0,0,4.0137,4.0137,0.8454890393536649,High
Krugle,CA,acquired,0,1,6100000,2,10,1,0,0,1,0.411,0.411,0.22800386146722937,Low
Flud,CA,closed,1,3,2100000,2,12,1,1,0,0,0.5315,1.9205,0.31964384828139086,Low
Chomp,CA,acquired,0,2,2565000,3,10,1,0,1,0,0.1452,0.5014,0.10666736520379556,Low
Origen Therapeutics,CA,closed,1,1,2000000,0,0,0,0,0,0,10.7589,10.7589,0.9110252455698428,High
Inlet Technologies,NC,acquired,0,3,22400000,1,3,1,1,0,1,2.5671,5.6904,0.3074691076433862,Low
ShopWiki,NY,acquired,0,1,6250000,1,12,0,0,1,0,1.0822,1.0822,0.2438216069720888,Low
Fondu,NY,acquired,0,1,575000,2,4,0,0,0,0,1.7479,1.7479,0.32310625077910227,Low
Loudcaster,MA,closed,1,2,53000,1,1,1,0,0,0,0.0,0.5808,0.6531522434291768,Medium
TwoFish,CA,acquired,0,2,9500000,2,6,1,0,1,1,0.9151,2.7753,0.1065984659371759,Low
Workstreamer,TX,closed,1,2,3500000,2,7,1,0,1,0,-0.7479,0.8192,0.609819717185541,Medium
Qwiki,NY,acquired,0,3,10500000,3,14,1,1,1,0,0.7726,1.4959,0.11595842625210241,Low
Redwood Systems,CA,acquired,0,4,34250000,2,14,1,1,1,1,0.7562,4.4137,0.06356607780811033,Low
Artisan Pharma,MA,acquired,0,5,85381111,0,2,1,0,1,1,0.6795,4.5507,0.4620819503562784,Medium
Bill Me Later,MD,acquired,0,3,100000000,3,6,1,1,1,0,6.1671,7.9205,0.23694108261525537,Low
Bueda,PA,closed,1,2,125000,2,3,1,1,0,0,-1.011,1.4877,0.7506998079762252,High
Defywire,VA,closed,1,2,10600000,1,2,1,1,0,1,2.3178,4.2356,0.5183481362191917,Medium
Silicon Clocks,CA,acquired,0,3,26100000,1,2,1,1,0,1,2.4192,5.4384,0.3910591495188784,Medium
TheMarkets,NY,acquired,0,1,30000000,1,2,1,1,0,0,7.5315,7.5315,0.39408970775434443,Medium
Netgamix Inc,IL,closed,1,3,132885,2,6,1,0,0,0,1.0575,1.7699,0.5273809901801911,Medium
Sentrigo,CA,acquired,0,3,9500000,2,9,1,0,1,1,0.6,4.2247,0.06409375038156007,Low
Netli,CA,acquired,0,1,18000000,1,9,1,1,0,0,6.1233,6.1233,0.15316123094029593,Low
Define My Style,OH,closed,1,1,690000,1,4,1,0,0,0,1.8329,1.8329,0.571538298982174,Medium
Firethorn,GA,acquired,0,3,25131611,0,1,1,1,0,1,5.1644,6.0055,0.4469494156153262,Medium
Wellcore,CA,closed,1,1,2000000,0,1,1,0,0,0,3.5288,3.5288,0.8194427004680737,High
Taligen Therapeutics,MA,acquired,0,3,78750000,2,4,1,0,1,1,1.5836,6.6466,0.20999536147093836,Low
Adap.tv,CA,acquired,0,5,48500000,3,27,1,1,1,1,0.2521,4.4055,0.13938468097189113,Low
Current Media,CA,closed,1,1,15000000,2,12,0,0,1,0,0.5726,0.5726,0.562108886580763,Medium
ParAccel,CA,acquired,0,5,74000000,0,13,1,1,0,1,0.9397,5.3178,0.2838021093480077,Low
Arch Rock Corporation,CA,acquired,0,2,15000000,1,6,1,0,1,1,0.7479,2.3315,0.11389206463916626,Low
SpiralFrog,NY,closed,1,3,45000000,3,8,0,0,1,0,2.0027,3.9178,0.45009114068346584,Medium
Plusmo,CA,acquired,0,1,4410000,1,4,1,0,1,0,1.9178,1.9178,0.34412746123264676,Medium
ZipList,VA,acquired,0,2,4500000,2,9,1,0,1,1,0.0,0.8959,0.1591650262406874,Low
Involver,CA,acquired,0,3,11040000,2,11,1,0,1,1,1.6712,3.7863,0.06065115725226958,Low
Lionside,CA,acquired,0,1,1600000,2,6,1,0,1,0,1.8822,1.8822,0.2227346806611431,Low
Game Trust,NY,acquired,0,2,9000000,1,3,1,1,0,1,3.4164,3.874,0.37209885493577505,Medium
Nearbuy Systems,CA,acquired,0,3,3282327,2,4,1,1,0,0,1.3041,2.6493,0.20911361996876812,Low
Visible Path,CA,acquired,0,2,24700000,5,5,1,0,1,1,4.1644,4.1644,0.1482101933449775,Low
VT Silicon,GA,closed,1,2,8800000,0,2,1,1,1,0,5.6986,6.8877,0.7386379617626249,High
GetBack,CA,closed,1,1,1700000,1,1,0,0,1,0,1.1836,1.1836,0.7834146206657033,High
Slipstream,CA,closed,1,1,20000,2,1,0,0,0,0,0.2493,0.2493,0.8524913268056785,High
HipLogic,CA,acquired,0,2,11500000,5,10,1,0,1,1,3.1041,4.9205,0.13172117656239304,Low
Dilithium Networks,CA,closed,1,7,98170000,3,12,1,1,0,1,2.3068,9.4247,0.4039960100313827,Medium
Yobongo,CA,acquired,0,1,1350000,3,2,1,0,0,0,1.2219,1.2219,0.5678205490001248,Medium
Brickfish,IL,acquired,0,1,940261,2,17,1,0,1,0,4.7068,4.7068,0.32187144914985166,Low
MyEnergy,MA,acquired,0,2,4000000,3,12,1,0,1,0,1.6658,3.6712,0.08599966207149826,Low
LikeList,CA,closed,1,1,5000000,1,5,0,0,1,0,1.9562,1.9562,0.49680378502610417,Medium
Social Collective,VA,closed,1,1,20000,1,3,0,0,0,0,0.0027,0.0027,0.8766106180163578,High
Pure Networks,WA,acquired,0,1,12500000,1,5,1,0,0,1,4.0301,4.0301,0.2008137511613115,Low
Internet Pawn,CO,closed,1,5,7228704,2,0,1,1,1,0,1.3397,4.6548,0.6561701750727937,Medium
NeuroTherapeutics Pharma,IL,closed,1,2,55000000,1,5,1,1,0,1,4.3836,5.9562,0.2603351734049325,Low
Provade,CA,acquired,0,4,15180000,0,5,1,1,1,0,2.063,6.6137,0.2717469247286241,Low
Infineta Systems,CA,closed,1,2,30000000,2,4,1,0,1,1,2.3479,3.4301,0.41488488395799467,Medium
Challenge Games,TX,acquired,0,2,14500000,3,11,1,0,1,1,2.5233,2.6685,0.1830975889935374,Low
Crowd Factory,CA,acquired,0,1,6500000,3,6,1,1,0,0,2.0685,2.0685,0.22158668959166733,Low
Friendsignia,TN,closed,1,1,15000,1,2,0,0,0,0,0.0,0.0,0.9325002066482453,High
Vizibility,NY,acquired,0,5,4705910,3,5,1,1,0,0,0.7288,3.6055,0.3013046028308088,Low
OpenFeint,CA,acquired,0,1,3000000,2,6,1,1,0,0,2.8055,2.8055,0.1922434620842376,Low
Tumblr,NY,acquired,0,6,125250000,5,30,1,1,1,1,0.7452,4.9178,0.0891735245794745,Low
Hotlist,NY,closed,1,4,1449998,3,8,1,1,0,0,0.3315,4.0027,0.41756117059655457,Medium
Crashlytics,MA,acquired,0,2,6000000,3,5,1,0,1,0,0.6959,1.189,0.1063883262155494,Low
BridgePoint Medical,MN,acquired,0,3,28200000,0,7,1,1,0,1,2.0603,6.2301,0.2499361179679847,Low
Recurve,CA,acquired,0,2,14000000,1,5,1,1,1,0,3.1479,4.8795,0.20564237589730533,Low
Conformity,TX,closed,1,1,3000000,2,14,0,0,1,0,1.5808,1.5808,0.5323720984317157,Medium
Moprise,WA,closed,1,2,2238055,1,6,1,1,0,0,1.5151,1.7644,0.45467928976285654,Medium
Plizy,CA,closed,1,2,5200000,2,5,1,1,1,0,0.7123,2.2849,0.47797321667690396,Medium
ShopRunner,PA,acquired,0,1,75000000,4,4,0,1,0,0,3.6329,3.6329,0.31966986876986636,Low
RatePoint,MA,closed,1,4,24500000,4,13,1,0,1,1,0.411,3.9699,0.2532998620133554,Low
Digital Performance,CA,closed,1,3,4476171,0,3,1,1,1,0,4.9068,8.1014,0.7150341121091567,High
Gowalla,TX,acquired,0,3,10400001,3,21,1,0,1,1,0.5014,2.4219,0.16065926892043011,Low
Copan Systems,CO,acquired,0,3,68400000,1,8,1,1,0,0,4.1836,7.1342,0.1488991310193091,Low
Replay Solutions,CA,acquired,0,2,15200000,0,13,1,0,1,1,2.9288,4.6329,0.2017931241592098,Low
Turf Geography Club,NY,closed,1,2,890000,0,2,1,0,0,0,0.6192,1.5863,0.8046457865209666,High
skyrockit,CA,closed,1,1,2600000,0,0,1,1,0,0,10.5315,10.5315,0.905906185773009,High
Cartavi,IL,acquired,0,1,1226270,2,7,1,0,0,0,3.8685,3.8685,0.21998052930096734,Low
Cramster,CA,acquired,0,2,9000000,1,5,0,0,1,1,6.737,8.2877,0.22094973798833772,Low
Certify Data Systems,CA,acquired,0,4,7210210,1,4,0,1,1,1,4.6521,8.1288,0.2414575157445629,Low
Wheelz,CA,acquired,0,2,15700000,1,15,1,0,1,0,0.7397,1.1425,0.09853364724037184,Low
CentrePath,MA,acquired,0,2,15050000,1,4,1,1,0,0,5.6849,6.3151,0.1624865411151889,Low
VoxPop Network Corporation,CA,acquired,0,2,3500000,2,5,1,0,1,1,0.7479,2.7507,0.13466549613623524,Low
OpVista,CA,closed,1,2,43000000,1,2,1,0,0,0,6.4767,7.3507,0.5622122518627687,Medium
Metaweb Technologies,CA,acquired,0,2,57000000,2,7,1,0,1,1,1.1616,3.0384,0.20851347225509473,Low
DocVerse,CA,acquired,0,1,1300000,4,8,1,0,0,0,0.8932,0.8932,0.1584546501977382,Low
Veoh,CA,acquired,0,4,69750000,4,15,1,0,1,1,1.4986,4.4247,0.07616028101607404,Low
BzzAgent,MA,acquired,0,2,14500000,2,16,1,0,0,1,3.0,5.0027,0.06910561623268775,Low
Hammerhead Systems,CA,closed,1,2,48000000,0,2,1,0,0,0,4.0849,5.5836,0.654835692131584,Medium
ThermalTherapeuticSystems,PA,closed,1,2,3508462,0,3,1,1,1,0,3.5041,5.4438,0.7279631344840815,High
GuardianEdge Technologies,CA,acquired,0,3,19500000,1,10,1,0,1,1,3.4301,5.5589,0.09790302615819646,Low
Gradient X,CA,acquired,0,1,3750000,3,5,1,0,0,0,0.4685,0.4685,0.18739702058955732,Low
ezzai - how to arabia,IL,closed,1,1,45000000,0,1,0,0,0,0,0.0,0.0,0.8226256931994012,High
rPath,NC,closed,1,4,32500000,3,8,1,0,1,1,0.8164,5.5616,0.41002557169275056,Medium
Boomi,PA,acquired,0,2,4900000,5,4,1,0,0,1,1.8384,8.3397,0.25938461337877594,Low
VoloMedia,CA,closed,1,2,12000000,3,4,1,0,0,1,2.2986,3.2110000000000003,0.3504982363368308,Medium
Flixster,CA,acquired,0,3,7175000,6,12,1,0,1,1,0.0329,2.2055,0.0489436524366338,Low
Wesabe,CA,closed,1,2,4700000,4,3,1,0,1,0,1.1699,1.4986,0.43414682963172546,Medium
OfferLounge,CA,closed,1,1,120000,0,3,0,0,0,0,0.0,0.0,0.9162664562304803,High
NeoEdge Networks,CA,acquired,0,3,10000000,2,10,0,1,0,1,5.1041,8.6411,0.21488581648724217,Low
SemiSouth Laboratories,TX,closed,1,4,39000000,0,0,0,1,1,0,4.9562,10.3151,0.7027688517860401,High
Camiant,MA,acquired,0,2,16100000,0,3,1,0,0,1,2.2411,4.0301,0.2824827109348858,Low
NuConomy,CA,acquired,0,2,3300000,3,4,1,0,1,0,1.2466,2.0849,0.14485013354850984,Low
Flowtown,CA,acquired,0,1,750000,3,6,1,0,0,0,1.5616,1.5616,0.22158134778103403,Low
GlobalCrypto,GA,closed,1,2,1000000,0,0,0,1,0,0,2.4493,2.4493,0.859824566566408,High
Bioenvision,NY,closed,1,1,7410000,0,3,1,1,0,0,11.3342,11.3342,0.8079564422258351,High
Teranetics,CA,acquired,0,3,52800000,0,5,1,1,0,0,6.8932,10.4082,0.5257548229130745,Medium
WebVisible,CA,closed,1,3,37000000,4,33,1,0,1,1,4.6685,9.1178,0.26761193449162685,Low
GoodGuide,CA,acquired,0,3,14229998,3,14,1,0,1,1,1.137,3.737,0.0489885365313865,Low
ViVu,CA,acquired,0,2,3000000,2,7,1,0,1,1,0.7205,2.4356,0.11566745873668213,Low
avVenta,NY,acquired,0,1,20000000,1,10,0,0,1,0,4.0384,4.0384,0.19667673089173354,Low
DiJiPOP,RI,acquired,0,2,2000000,3,6,1,0,0,0,0.7479,2.0959,0.21085083990406397,Low
Layer 7 Technologies,DC,acquired,0,2,19900000,2,3,1,1,0,1,3.8192,6.0932,0.2171476625219278,Low
DeliveryEdge,CA,closed,1,1,1500000,1,6,0,0,0,0,1.2493,1.2493,0.4925078413200324,Medium
Solmentum,CA,closed,1,1,325000,1,4,0,0,0,0,0.0,0.0,0.8013836226652867,High
Pipewise,CA,closed,1,1,3500000,2,16,1,0,1,0,0.463,0.463,0.4034294566305242,Medium
GridNetworks,WA,closed,1,4,30000000,2,7,1,0,1,1,2.0027,4.3863,0.3547200164085251,Medium
MAP Pharmaceuticals,CA,acquired,0,1,50000000,0,1,1,0,0,0,4.2384,4.2384,0.47810008771685975,Medium
"ORCA, Inc.",NY,acquired,0,1,2000000,2,5,1,0,1,0,1.4712,1.4712,0.19601710039415912,Low
Amobee,CA,acquired,0,6,72000000,2,25,1,1,1,1,1.5041,5.8356,0.16586714419003729,Low
KOTURA,CA,acquired,0,3,27690547,1,4,1,0,0,1,1.6849,5.8493,0.11771152282578401,Low
Auvitek International,TX,closed,1,1,9000000,0,32,1,0,0,1,2.189,2.189,0.5606289527516195,Medium
Outright,CA,acquired,0,2,7500000,3,12,1,0,1,0,0.4192,1.4658,0.0741612883410104,Low
Phurnace Software,TX,acquired,0,2,10000000,1,9,1,0,1,0,0.6932,1.4986,0.29033225116190486,Low
FastSoft,CA,acquired,0,4,5965000,1,7,0,1,1,0,1.4411,6.6795,0.2332150214424342,Low
GrandCentral,CA,acquired,0,1,4000000,4,9,0,0,1,0,-0.2466,-0.2466,0.4118798983169569,Medium
Speedshape,MI,closed,1,1,5000000,1,2,0,1,0,0,5.1397,5.1397,0.7598310842815712,High
BlueLithium,CA,acquired,0,1,11500000,2,15,1,0,1,0,1.0877,1.0877,0.14752748516222533,Low
Media Chaperone,IL,closed,1,2,1050000,1,2,0,1,0,0,1.0356,2.1479,0.7956368270902968,High
Giant Realm,NY,acquired,0,2,5500000,2,13,1,0,1,0,1.1644,1.3507,0.09905655191732667,Low
Invite Media,PA,acquired,0,3,5000000,4,17,1,0,1,0,0.8301,2.8329,0.09874263992516673,Low
UpMo,CA,closed,1,2,3700000,3,11,0,1,0,0,-1.0521,0.6247,0.41886269689750666,Medium
Appscio,CA,closed,1,2,7000000,0,4,0,0,1,0,1.2137,3.0082,0.47387202382880333,Medium
Eons,MA,closed,1,2,32000000,4,14,1,0,1,1,1.2466,2.1616,0.13881619657226915,Low
LocaModa,MA,acquired,0,3,7900000,2,8,0,0,1,0,0.7123,4.2301,0.24289529190444578,Low
Meraki,CA,acquired,0,5,80000000,3,16,1,0,1,1,0.6685,6.2795,0.0790324612358896,Low
MPOWER Mobile,TX,closed,1,1,5000000,1,1,1,1,0,0,4.8247,4.8247,0.707294963148769,High
Haute Secure,WA,acquired,0,2,2100000,3,5,1,0,1,0,1.0,3.1863,0.20403089247057157,Low
Intelliworks,MD,acquired,0,4,22250000,1,6,1,0,1,1,0.2055,4.3973,0.13502843500066522,Low
Meridian,OR,acquired,0,2,1975000,2,6,0,1,0,0,0.5397,1.5014,0.3099490932299867,Low
Kluster,NY,acquired,0,1,1000000,2,0,1,0,0,0,0.0,0.0,0.7121092789692549,High
International Battery,PA,closed,1,1,35000000,0,0,0,0,0,0,2.3452,2.3452,0.8093426485796199,High
Jingle Networks,NY,acquired,0,7,88651133,5,12,1,1,1,1,0.0822,4.3260000000000005,0.14591279118550454,Low
SemEquip,MA,acquired,0,1,26000000,0,3,1,1,0,0,5.5945,5.5945,0.2562738112983138,Low
ItsGoinOn,CA,closed,1,1,100000,2,3,0,0,0,0,0.6712,0.6712,0.8192214181877905,High
mSnap,CO,acquired,0,1,5000000,3,6,1,0,1,0,1.0,1.0,0.2109535065042377,Low
Biofisica,GA,closed,1,2,7300000,0,5,1,1,1,0,6.8356,8.3096,0.6059883373125653,Medium
Ardian,CA,acquired,0,3,64080000,2,8,1,0,1,1,2.0027,6.2274,0.223700974917287,Low
Tracelytics,RI,acquired,0,2,5800000,2,8,1,0,1,0,1.3425,1.726,0.20432738863376756,Low
Canopy Financial,CA,closed,1,4,89500000,2,6,1,0,0,1,4.0027,5.7534,0.438552637585312,Medium
Kyte,CA,acquired,0,4,23350000,2,11,1,0,1,1,0.5808,5.2521,0.06848738541728942,Low
Ounce Labs,MA,acquired,0,2,13500000,0,7,1,1,0,0,3.6877,5.9644,0.2493278466669434,Low
Crossbeam Systems,MA,acquired,0,2,24500000,2,13,1,0,0,0,7.3534,8.126,0.13734449864610004,Low
PacketHop,CA,closed,1,1,10000000,1,2,1,0,0,0,3.6027,3.6027,0.6584260282706732,Medium
Inaura,UT,closed,1,1,8500000,0,3,0,1,0,0,-1.9863,-1.9863,0.8107734394238462,High
DynaPump,TX,closed,1,1,6000000,0,0,0,0,0,1,16.4192,16.4192,0.8736005742675931,High
Immunet Corporation,CA,acquired,0,1,2000000,1,3,1,0,1,0,1.337,1.337,0.4469963990499862,Medium
CopperEgg Corporation,TX,acquired,0,2,4100000,2,3,1,0,1,0,1.1123,1.937,0.47315442469621977,Medium
Wink,CA,acquired,0,1,6200000,4,5,1,0,1,0,0.3699,0.3699,0.21986757971157606,Low
PopularMedia,CA,acquired,0,2,12250000,1,8,1,0,0,1,4.0877,5.5753,0.10627530910756612,Low
Miyowa,CA,acquired,0,2,11725600,2,3,1,0,1,1,3.3945,5.0712,0.17270584422432295,Low
Intrusic,MA,closed,1,2,16000000,0,1,1,0,1,1,4.3151,5.8301,0.45931663445429316,Medium
Dashwire,WA,acquired,0,3,5056559,2,10,1,1,1,0,2.4767,4.3836,0.2101817333083403,Low
Reddit,CA,acquired,0,1,100000,3,9,1,0,0,0,0.4137,0.4137,0.3795687641000611,Medium
Pure Digital Technologies,CA,acquired,0,3,68200000,3,11,1,1,0,0,2.3342,6.9671,0.10940164493155749,Low
Voxify,CA,acquired,0,3,33000000,1,5,1,1,0,1,4.0877,9.3068,0.14047255776622192,Low
EvoApp,NC,closed,1,3,3352194,2,8,0,0,1,0,1.7863,3.3014,0.505368122380223,Medium
Visual Revenue,NY,acquired,0,2,2212000,2,5,1,0,1,0,1.4082,1.9068,0.2050318278141522,Low
Calibra Medical,CA,acquired,0,4,19800000,0,1,1,1,0,0,5.9014,7.2904,0.4275928077590683,Medium
Offermatic,CA,closed,1,2,4500000,2,6,1,0,1,0,0.8301,1.0986,0.3560399186672782,Medium
HiWired,MA,acquired,0,2,14000000,1,2,1,1,0,1,4.0027,4.0055,0.4175396913904862,Medium
DateMyFamily.com,FL,closed,1,1,100000,2,4,0,0,0,0,0.0548,0.0548,0.795880218000734,High
Hyperic,CA,acquired,0,2,9900000,2,4,1,0,1,1,2.3562,3.4274,0.2117293609058739,Low
Optimal,CA,acquired,0,3,7600000,2,10,1,0,1,1,0.0,5.063,0.06604793182431107,Low
SendMeHome.com,CA,closed,1,1,50000,1,2,0,0,0,0,0.0,0.0,0.9270666119572684,High
Q-magic,CA,closed,1,1,650000,0,3,0,0,0,0,-0.0849,-0.0849,0.8372327737419524,High
Geodelic Systems,CA,closed,1,3,10500000,3,8,1,1,1,1,0.9178,2.7288,0.3597280769772187,Medium
BlockBeacon,CA,acquired,0,1,500000,2,12,0,0,0,0,0.4712,0.4712,0.47201971376213087,Medium
PostPath,CA,acquired,0,2,24300000,3,2,1,0,0,1,1.9342,4.0438,0.30544092314392396,Low
Attune Systems,CA,closed,1,2,18000000,1,6,1,1,0,1,7.4904,7.874,0.4983222214186761,Medium
TokBox,CA,acquired,0,3,26000000,5,27,1,0,1,1,0.6548,3.5452,0.07591326394154774,Low
Avega Systems,CA,closed,1,2,9500000,0,2,1,1,0,1,2.2466,5.0356,0.7466356832311811,High
Heartscape,MD,acquired,0,1,16980999,1,6,1,0,0,1,7.3151,7.3151,0.16407999974821025,Low
PeerMe,CA,closed,1,1,5000000,2,2,0,0,1,0,1.0027,1.0027,0.7722686413651885,High
Pacinian,WA,closed,1,1,350000,0,3,0,1,0,0,1.6712,1.6712,0.8359681191564212,High
neoSaej,MA,closed,1,5,13130000,1,1,1,1,1,0,1.2384,4.9726,0.6253309091180633,Medium
Kiha Software,WA,closed,1,1,20000000,2,1,0,0,1,0,2.8247,2.8247,0.7166004917892989,High
Vlingo,MA,acquired,0,3,26500000,4,18,1,1,1,1,0.5014,3.2959,0.11657937588196948,Low
Tizor Systems,MA,acquired,0,2,15000000,0,4,1,0,0,1,3.6986,4.1041,0.2038513471524907,Low
Cerona Networks,MD,closed,1,1,2600000,0,0,0,0,1,0,4.3041,4.3041,0.8842285674642331,High
Oorja Protonics,CA,closed,1,4,21470000,0,1,1,0,1,1,2.3973,6.0329,0.5743864254821381,Medium
Hurricane Party,TX,closed,1,1,20000,2,5,0,0,0,0,0.0,0.0,0.8413394114620172,High
Minekey,CA,closed,1,2,3600000,3,10,0,0,1,0,1.9151,2.5808,0.22847512860159994,Low
Blip,NY,acquired,0,7,27300000,4,23,1,0,1,1,0.8329,7.2521,0.11277392323973892,Low
Fabkids,CA,acquired,0,1,2600000,1,8,0,0,1,0,0.5863,0.5863,0.49087550128843455,Medium
CafeBots,CA,closed,1,1,5000000,2,5,1,0,1,0,0.8027,0.8027,0.513970951728317,Medium
Avaak,CA,acquired,0,2,17000000,2,2,1,0,1,1,4.7589,6.2247,0.3986518763979898,Medium
Newfield Design,ME,closed,1,1,662000,0,0,0,0,1,0,4.3699,4.3699,0.892417169301248,High
Savored,NY,acquired,0,2,3750000,2,12,1,0,1,0,0.0,1.0247,0.11373401350674167,Low
Digg,CA,acquired,0,4,45000000,8,57,1,0,1,1,0.9726,6.7534,0.10477809399255035,Low
Songza,NY,acquired,0,2,6700000,4,9,1,1,0,0,3.8849,5.863,0.13743493993400213,Low
Bigfoot Networks,CA,acquired,0,3,20750000,2,12,1,1,1,1,0.1753,3.8795,0.11879233881019086,Low
Kongregate,CA,acquired,0,4,19000000,0,5,1,0,1,1,1.1616,7.5041,0.19183504149074632,Low
Powerset,CA,acquired,0,3,22500000,0,20,1,1,1,0,-0.4192,0.6658,0.2868920361767333,Low
Kiptronic,CA,acquired,0,3,7300000,3,10,1,0,1,1,0.5041,3.0986,0.06098231955354708,Low
Cozi Group,WA,closed,1,7,26390819,3,16,1,1,1,1,0.7479,7.8247,0.3352925561040097,Medium
Likewise Software,WA,acquired,0,1,10000000,0,4,1,0,0,0,4.4959,4.4959,0.36175631669743624,Medium
Lifestander,NY,closed,1,1,31000,1,1,0,0,0,0,0.0849,0.0849,0.9133610623513048,High
Jaxtr,CA,acquired,0,3,21500000,4,16,1,0,1,1,1.7479,2.7288,0.05272760462522537,Low
MX Logic,CO,acquired,0,1,4000000,1,5,1,0,0,0,4.8521,4.8521,0.21347260629212864,Low
Metaplace,CA,acquired,0,3,9400000,4,5,1,1,1,1,0.5041,3.7068,0.22786338428784333,Low
TravelMuse,NY,acquired,0,3,5600000,4,9,1,0,1,1,0.0411,2.1288,0.06907257635735439,Low
Jambool,CA,acquired,0,2,6000000,2,9,1,0,1,1,2.0027,3.0466,0.09660580592635565,Low
Zipcar,GA,acquired,0,4,60704370,3,35,1,1,0,1,2.137,10.1288,0.19772638160867914,Low
Hitpost,CA,acquired,0,3,2000000,2,16,1,0,0,0,0.7534,3.0712,0.1342332328949273,Low
Home-Account,CA,acquired,0,2,1000000,3,5,1,1,1,0,0.4548,0.7041,0.2664776984095314,Low
PayParade Pictures,PA,closed,1,2,200000,2,3,1,0,1,0,1.126,1.4055,0.6154046059696888,Medium
Planet Metrics,CA,closed,1,1,2300000,2,2,1,0,1,0,1.8658,1.8658,0.6877245425531604,High
kwiry,CA,closed,1,1,1000000,4,5,1,0,1,0,2.2164,2.2164,0.3969853257399499,Medium
imeem,CA,acquired,0,5,24750000,3,13,1,1,1,1,0.8356,5.7534,0.08770722250443852,Low
Amadesa,IL,closed,1,2,12800000,1,15,1,0,1,1,2.5534,6.3945,0.31317848534544057,Low
Cast Iron Systems,CA,acquired,0,2,30500000,1,10,1,0,0,0,4.2384,6.5753,0.1414376587783546,Low
Aptera,CA,closed,1,3,36300000,2,3,1,1,0,0,5.5671,8.5342,0.27948407040129986,Low
RentJuice,CA,acquired,0,3,6693782,3,7,1,1,0,0,2.1726,3.0849,0.2146502327330705,Low
Verari Systems,CA,closed,1,1,20000000,0,1,1,0,0,0,11.4329,11.4329,0.8226093612219456,High
Parascale,CA,acquired,0,1,11370000,3,8,1,0,1,0,3.4767,3.4767,0.14669315225098858,Low
Geni,CA,acquired,0,3,16500000,4,13,1,0,1,1,0.5863,2.6384,0.06358937558401788,Low
Zentact,CA,closed,1,1,250000,1,3,0,0,0,0,0.0,0.0,0.861492143629196,High
Outside.in,NY,acquired,0,5,14400000,5,9,1,0,1,1,0.5041,3.3562,0.08674217679629123,Low
Salesforce Buddy Media,NY,acquired,0,5,90000000,3,24,1,1,1,1,0.0,3.9562,0.10637285920312149,Low
Vizu Corporation,CA,acquired,0,4,13075000,2,10,1,0,1,1,1.0164,7.1534,0.08570212447970241,Low
Zing Systems,CA,acquired,0,2,26000000,4,10,1,0,1,0,-0.4986,-0.4137,0.15820930369411335,Low
DynamicOps,MA,acquired,0,2,16300000,2,6,1,0,0,1,3.1616,3.6904,0.11044496211422104,Low
Movero Technology,TX,acquired,0,2,5992316,1,5,0,1,1,0,4.4521,7.2274,0.3348874008937404,Medium
Elevation Pharmaceuticals,CA,acquired,0,4,89400001,0,2,1,1,1,1,3.0575,5.011,0.5818771392831175,Medium
Punch Entertainment,CA,closed,1,1,1200000,1,4,0,0,1,0,0.8027,0.8027,0.6375001921752659,Medium
Stickybits,NY,closed,1,2,1900000,2,7,1,0,1,0,1.1836,1.3781,0.3259891915269508,Low
Ecast,CA,closed,1,3,30300000,2,9,1,1,0,0,9.3534,12.4055,0.765935631659909,High
lifeIO,NY,closed,1,1,500000,0,4,0,0,0,0,2.0027,2.0027,0.5698118346484419,Medium
EdgeCast Networks,CA,acquired,0,5,74000000,2,19,1,0,1,1,0.0,6.9671,0.13037729243410906,Low
Sirific Wireless,TX,acquired,0,1,18800000,0,3,1,0,0,0,7.1205,7.1205,0.4707573165105907,Medium
Revetto,MI,closed,1,1,20000,1,3,0,0,0,0,0.3288,0.3288,0.8658688175534159,High
ZoomSafer,VA,acquired,0,4,3350000,2,3,0,0,1,1,0.1616,2.1781,0.32115026101468486,Low
AkaRx,NJ,acquired,0,1,26100000,0,1,1,1,0,0,5.0192,5.0192,0.4085228779898763,Medium
Lama Lab,PA,closed,1,2,1213066,0,0,1,1,0,0,1.411,2.5151,0.8299057873527909,High
Buysight,CA,acquired,0,3,24030000,3,18,1,0,1,1,0.8438,4.2219,0.042061170483406414,Low
TripIt,CA,acquired,0,3,13100000,5,14,1,0,0,1,0.4986,3.4247,0.10303158920761753,Low
Pinch Media,NY,acquired,0,3,560001,5,6,1,1,0,0,0.0822,1.7671,0.36863242640094357,Medium
Enstratius,MN,acquired,0,1,3500000,3,7,1,0,1,0,2.8493,2.8493,0.19129770806916802,Low
Jumptap,MA,acquired,0,7,121500000,3,45,1,1,1,1,0.1616,7.5041,0.20231395072719047,Low
WiChorus,CA,acquired,0,4,42500000,1,18,1,1,1,1,0.9726,3.8438,0.08912285671515399,Low
Hatteras Networks,NC,acquired,0,2,36000000,1,26,1,1,0,0,5.4384,6.4192,0.2269610028946809,Low
Focus,CA,closed,1,1,12170000,2,7,1,0,0,0,2.5973,2.5973,0.34993821300541517,Medium
easy2comply (Dynasec),NY,acquired,0,1,1000000,2,4,1,0,1,0,5.7534,5.7534,0.2568185168878473,Low
Socialize,CA,acquired,0,3,1820000,4,5,0,0,0,0,3.337,3.937,0.20801556177120098,Low
Clearwire,WA,acquired,0,4,5700000000,2,19,1,0,0,0,4.6,9.4164,0.1400778609780429,Low
CREDANT Technologies,TX,acquired,0,1,5000000,2,6,1,0,0,0,6.9699,6.9699,0.36241102603370406,Medium
Exclusively.in,NY,acquired,0,2,18800000,1,4,1,0,1,1,0.8384,1.4055,0.1461882154130405,Low
Avidia,CA,acquired,0,2,72300000,0,3,1,0,0,1,2.3452,3.3534,0.40755592153821096,Medium
PayDivvy,CA,acquired,0,3,1310000,4,3,0,0,0,0,-0.1369999999999999,3.1452,0.2852444947563049,Low
Octavian,MA,closed,1,2,15000000,1,2,1,0,1,1,2.4164,4.7753,0.395663055811274,Medium
KickApps,NY,acquired,0,3,39007789,5,22,1,0,1,1,2.2521,4.7397,0.1089761755503297,Low
Airwide Solutions,MA,acquired,0,1,25000000,1,3,1,0,0,0,2.0685,2.0685,0.22492616505871615,Low
Localocracy,MA,acquired,0,3,172500,2,4,0,0,0,0,0.3288,2.0932,0.39488486229847075,Medium
Pixable,NY,acquired,0,2,6100000,2,23,1,0,1,1,1.6658,2.1123,0.09119350502307304,Low
mFoundry,CA,acquired,0,3,40300000,5,7,1,1,0,1,2.2192,7.9315,0.16242996267691534,Low
Bevvy,CA,closed,1,1,100000,3,9,0,0,0,0,0.3616,0.3616,0.6754217593948465,High
Livemocha,WA,acquired,0,5,19389998,2,14,1,1,1,1,0.3342,5.4904,0.16762503182303432,Low
IronPort Systems,CA,acquired,0,2,61500000,3,21,1,0,0,1,2.4822,4.8192,0.1737637759158624,Low
Crowdcast,CA,acquired,0,1,6000000,2,6,1,0,1,0,3.4411,3.4411,0.27944627004306466,Low
Where,MA,acquired,0,4,19100000,6,23,1,0,1,1,-0.0027,5.0055,0.1251761765657583,Low
Pictela,NY,acquired,0,4,3499997,3,8,1,1,1,0,0.2219,2.0548,0.269446015131543,Low
Grouply,CA,acquired,0,3,2600000,2,13,1,0,1,0,1.2521,1.874,0.09762690060832653,Low
Storify,CA,acquired,0,3,2023000,2,14,1,0,1,0,-0.4466,1.1479,0.118054645807235,Low
Axiom Microdevices,CA,acquired,0,1,25000000,0,3,1,1,0,0,5.1068,5.1068,0.3892711722948398,Medium
ShoeDazzle,CA,acquired,0,4,66000000,4,17,1,1,1,1,0.7205,3.5945,0.08737748228713679,Low
LiftDNA,NY,acquired,0,2,1000000,1,5,0,0,0,0,1.4192,1.4466,0.26386735110570736,Low
Onavo,CA,acquired,0,2,13000000,2,11,1,0,1,1,1.3288,2.063,0.0664447291397911,Low
Pyxis Mobile,MA,closed,1,3,24150000,2,3,1,1,1,1,7.6932,14.0329,0.6872077975079933,High
Link_A_Media Devices,CA,closed,1,3,47218498,0,4,1,1,0,0,5.8411,8.2219,0.5320241204150804,Medium
Guardium,MA,acquired,0,2,11800000,2,1,1,0,0,0,3.6137,4.3753,0.2558164826214782,Low
Trooval,NV,closed,1,2,2387481,1,2,1,1,0,0,1.5973,2.1781,0.7694161240368302,High
Compete,MA,acquired,0,4,33000000,5,35,1,1,1,1,0.8356,7.5863,0.14844124982064913,Low
Rollstream,VA,acquired,0,2,7500000,3,4,1,0,1,1,2.6712,3.8822,0.24213734977190682,Low
NeoGuide Systems,CA,acquired,0,1,25000000,1,3,1,0,0,0,6.7479,6.7479,0.3248727546968402,Low
Accept Software,CA,acquired,0,4,25305000,1,7,1,1,1,1,3.7096,8.9562,0.19645695465817714,Low
Milo,CA,acquired,0,2,4950000,3,21,1,0,1,0,0.8356,1.8986,0.08188221349194097,Low
Mimosa Systems,CA,acquired,0,6,53816776,0,8,1,1,0,1,2.2712,6.3781,0.36632645494706606,Medium
Surphace,NY,acquired,0,2,3500000,4,15,1,0,1,1,-0.1671,0.9151,0.10016322947491409,Low
Cloudmeter,CA,acquired,0,1,5000000,2,7,0,0,1,0,5.0767,5.0767,0.3299229309799178,Low
Zecter,CA,acquired,0,3,2515000,3,9,1,1,1,0,0.0,2.5397,0.1635168409557944,Low
Dimdim,MA,acquired,0,2,8400000,3,10,1,0,1,1,1.0849,2.4986,0.07411934842386073,Low
TeleFlip,CA,closed,1,2,4900000,3,5,1,0,1,1,2.5836,4.0027,0.20221080445211276,Low
MessageGate,WA,closed,1,1,5000000,1,3,1,1,0,0,4.2959,4.2959,0.6132230913666692,Medium
Cloverleaf Communications,NY,acquired,0,1,11000000,0,2,1,0,0,0,4.4904,4.4904,0.44179615362110963,Medium
SkyPilot Networks,CA,acquired,0,4,68400000,0,6,1,1,1,0,1.0027,8.2548,0.25457842744633424,Low
Zencoder,CA,acquired,0,2,2000000,2,7,1,0,1,0,3.0877,4.2795,0.18268449303141432,Low
Storm Exchange,NY,closed,1,2,10800000,1,2,1,1,1,0,0.6685,1.926,0.5985653872264717,Medium
The Huffington Post,NY,acquired,0,5,37000000,3,31,1,1,1,1,-0.0219,5.2329,0.08459790766309737,Low
Exaprotect,CA,acquired,0,1,7660000,3,5,1,0,1,0,2.5233,2.5233,0.19790819891425762,Low
Akorri Networks,MA,acquired,0,4,48730000,3,5,1,1,1,1,0.3397,5.2247,0.17224017790114038,Low
Giiv,CA,closed,1,2,3350000,1,1,1,0,1,0,0.0,1.4137,0.5984674622496937,Medium
MyShape,CA,closed,1,4,28000000,2,3,1,1,0,1,3.8767,7.1973,0.3116064417038753,Low
BlackLocus,TX,acquired,0,1,2500000,1,5,1,0,1,0,1.4959,1.4959,0.5036902744590626,Medium
FeedBurner,IL,acquired,0,2,8000000,4,16,1,0,1,1,0.3315,1.1644,0.1550096941972498,Low
DailyBurn,NY,acquired,0,2,540000,2,6,1,0,0,0,0.5836,1.6521,0.31454767795039024,Low
CastTV,CA,acquired,0,2,3100000,4,4,1,0,1,0,0.0,1.2466,0.22329112072916815,Low
Venmo,NY,acquired,0,2,1200000,2,8,1,0,1,0,1.0904,2.326,0.23256376330100578,Low
WeShow,NY,closed,1,1,5000000,1,2,0,0,1,0,0.0,0.0,0.8388857535449141,High
SenSage,CA,acquired,0,6,37079000,1,6,1,1,0,0,0.6658,7.3753,0.19904493015978889,Low
Luminus Devices,MA,acquired,0,4,135826373,2,3,1,0,0,1,4.3315,11.1699,0.4280538410847006,Medium
Tapioca Mobile,CA,closed,1,2,5000000,0,5,1,1,0,0,-0.3342,0.2301,0.5716649885961593,Medium
BestVendor,NY,acquired,0,4,4200000,3,3,1,0,1,0,0.2082,1.0849,0.2480945988597875,Low
Local Marketers,WA,closed,1,1,4100000,3,3,1,1,0,0,3.5808,3.5808,0.4865833907593799,Medium
Eyeona,CA,closed,1,1,2000000,2,3,0,0,0,0,0.7726,0.7726,0.6302283235018749,Medium
ColdSpark,CO,acquired,0,1,6500000,1,3,1,1,0,0,5.0027,5.0027,0.29321944757621615,Low
Etology,CA,closed,1,1,4000000,0,0,0,0,1,0,1.4521,1.4521,0.8696786569162943,High
Wander (f. YongoPal),CA,closed,1,5,185000,1,3,1,1,0,0,0.2466,1.0,0.6538896784059689,Medium
CrowdCompass,OR,acquired,0,1,1300000,2,5,0,0,1,0,2.6959,2.6959,0.41564340044244863,Medium
Right Media,NY,acquired,0,1,45000000,0,21,0,0,0,1,3.7945,3.7945,0.34082049421470156,Medium
Goby,MA,acquired,0,1,2500000,3,4,1,0,1,0,2.3041,2.3041,0.18424466136970458,Low
FiveRuns,TX,acquired,0,2,9200000,2,11,1,0,1,1,0.5808,2.737,0.17101139054934364,Low
GeekStatus,CA,closed,1,4,435953,0,0,0,0,0,0,-1.4712,-0.1369999999999999,0.7963296682192509,High
MOLI,CT,closed,1,2,55600000,2,9,0,0,1,1,-1.0,0.0,0.6465001179630256,Medium
TrenStar,CO,acquired,0,1,10000000,1,2,0,1,0,0,6.263,6.263,0.48544835002854825,Medium
World Blender,WA,closed,1,1,12000,1,3,1,0,0,0,0.8329,0.8329,0.7965392530648528,High
Zymetis,MD,closed,1,2,2257464,0,3,0,1,0,0,4.0301,4.0849,0.7529510673628509,High
Dispatch,NY,acquired,0,2,983000,2,4,1,0,0,0,0.1671,0.5288,0.2356942761000938,Low
HauteLook,CA,acquired,0,2,41000000,2,15,1,0,0,1,1.4466,2.5068,0.15122948236117828,Low
Semantra,TX,closed,1,3,9100000,0,0,0,1,0,1,3.6685,5.5589,0.6848612089978733,High
Inertia Beverage Group,CA,closed,1,3,25500100,3,6,1,1,0,1,2.4438,7.1973,0.31682134796436157,Low
Sponge,CA,acquired,0,1,400000,2,3,1,0,0,0,0.2959,0.2959,0.44710167425203545,Medium
Genesis Networks,NY,acquired,0,10,22165091,0,4,1,1,0,1,4.737,8.3479,0.355858736752908,Medium
Mogad,CA,acquired,0,1,500000,2,4,1,0,1,0,0.1671,0.1671,0.31891938896689165,Low
Meebo,CA,acquired,0,5,70000000,4,29,1,0,1,1,0.6629999999999999,5.8849,0.10112179340634543,Low
Accertify,IL,acquired,0,2,4700000,1,6,1,1,1,0,1.2603,3.1781,0.26909291713706307,Low
N2N Commerce,MA,acquired,0,1,30000000,1,1,1,1,0,0,2.0055,2.0055,0.49367006926483836,Medium
StreamBase Systems,MA,acquired,0,5,39000000,1,13,1,0,0,1,2.0658,9.3836,0.16185151167385434,Low
Provigent,CA,acquired,0,3,32000000,1,10,1,0,0,0,6.4356,9.0,0.14363409351241274,Low
Navic Networks,MA,acquired,0,3,42000000,0,7,1,0,1,1,0.1151,1.1507,0.22191296098741334,Low
Integrien,CA,acquired,0,3,24510540,2,5,1,1,1,1,4.3726,9.3616,0.23655877091397548,Low
Generic Media,CA,closed,1,1,2500000,0,0,1,1,0,0,5.6548,5.6548,0.7825785120391597,High
Persystent Technologies,FL,acquired,0,3,21460663,2,1,1,0,0,1,3.6027,7.926,0.32890462904633605,Low
WireImage,NY,acquired,0,1,15000000,0,6,1,0,0,0,5.3507,5.3507,0.23233358717913313,Low
Hello Chair,CA,closed,1,2,889999,2,5,1,1,0,0,1.4137,4.2795,0.4668852534745529,Medium
Encentuate,CA,acquired,0,1,16000000,1,6,1,0,0,1,4.2219,4.2219,0.17167992995461237,Low
Consorte Media,CA,acquired,0,1,7000000,4,5,1,0,0,1,2.4192,2.4192,0.1794750210297804,Low
Triples Media,NY,closed,1,2,100000,0,3,0,0,0,0,0.7479,0.7479,0.7695490331582554,High
RightsFlow,NY,acquired,0,1,1500000,3,13,0,0,1,0,1.9041,1.9041,0.2556587732549329,Low
thePlatform,WA,acquired,0,1,8000000,4,19,1,1,0,0,6.0356,6.0356,0.15327019025939076,Low
Docstoc,CA,acquired,0,2,4000000,4,22,1,0,1,1,0.2521,0.7425,0.12869940049777326,Low
TwtBks,CA,closed,1,1,25000,0,3,0,0,0,0,0.0164,0.0164,0.9154395666449701,High
Zenprise,CA,acquired,0,6,64630000,3,10,1,1,0,1,2.4301,9.0055,0.16022489289123365,Low
Picateers,CA,closed,1,2,12100000,1,10,1,0,1,1,1.0,3.6493,0.2329575763553963,Low
Vontu,CA,acquired,0,2,20000000,1,9,1,0,0,0,4.2192,5.6110000000000015,0.09309187799600149,Low
NextIO,TX,closed,1,4,49600000,1,10,1,0,0,1,2.0301,9.3808,0.4250497266187601,Medium
Emergent Game Technologies,CA,acquired,0,5,51450000,1,3,1,1,0,0,7.5123,9.9479,0.37397100993763877,Medium
threadsy,CA,acquired,0,2,6300000,1,7,1,0,1,1,-0.1808,2.5178,0.1590319635574259,Low
Sonar.me,NY,closed,1,1,200000,3,8,1,0,0,0,2.0,2.0,0.3822045179728355,Medium
StyleZen,OH,closed,1,1,20000,1,2,0,0,0,0,0.0,0.0,0.9455579418696781,High
Kiva Systems,MA,acquired,0,2,11600000,3,13,1,0,1,0,0.0,3.3945,0.08210265103270918,Low
Krillion,CA,acquired,0,1,9150000,2,6,1,0,1,0,0.1205,0.1205,0.27464744003669206,Low
Transactiv,OH,closed,1,1,1200000,2,2,1,0,1,0,0.2849,0.2849,0.7578988117427111,High
nprogress,CA,closed,1,1,1700000,2,4,1,0,0,0,1.8301,1.8301,0.24662592601209074,Low
Brightkite,CA,acquired,0,3,1415000,4,9,1,1,0,0,0.5808,2.5123,0.19994885035210824,Low
Peanut Labs,CA,acquired,0,2,4200000,2,16,1,0,1,1,1.0849,3.1342,0.08044770493067054,Low
FlipKey,MA,acquired,0,2,500000,2,7,0,0,1,0,0.9151,1.6356,0.32065311888824444,Low
AppTrigger,TX,acquired,0,1,21500000,0,1,1,0,0,0,5.9507,5.9507,0.4496152307388644,Medium
Footnote,UT,acquired,0,2,10000000,2,4,0,0,1,0,0.0411,1.5863,0.2482567790219232,Low
NextMedium,CA,closed,1,2,9500000,1,7,1,0,1,1,1.0877,2.5616,0.13829548738899425,Low
iosil Energy,NM,closed,1,2,13875001,0,4,1,0,0,0,2.9808,5.211,0.45028934791356856,Medium
Kurani Interactive,NJ,closed,1,1,275000,1,5,0,0,0,0,10.9068,10.9068,0.7093605854903073,High
Kapow Software,CA,acquired,0,3,19743770,1,10,1,0,0,1,0.0849,5.0356,0.09617155774780904,Low
Locately,MA,acquired,0,5,1178000,1,5,1,0,0,0,2.0849,4.0192,0.1636482755788622,Low
TrustedID,CA,acquired,0,3,25000000,2,5,1,0,1,1,0.7479,2.7945,0.12840426781681538,Low
Ciclon Semiconductor Device Corporation,PA,acquired,0,3,24150000,0,1,1,1,1,1,1.5863,3.1808,0.4213166068920549,Medium
Azingo,CA,closed,1,2,80000000,1,4,0,0,1,1,1.7479,3.5452,0.5018337148253852,Medium
Vudu,CA,acquired,0,2,36000000,3,11,1,0,1,1,1.4164,3.326,0.14558572804185713,Low
"ITOG, Inc.",MO,closed,1,1,205000,0,1,0,0,0,0,1.3973,1.3973,0.9086316820484768,High
Plaxo,CA,acquired,0,4,28300000,4,27,1,0,1,1,-0.0438,4.211,0.06357430660271078,Low
Sharetivity,CA,closed,1,1,2000000,1,1,0,0,0,0,-1.1836,-1.1836,0.7988532657527738,High
YouTube,CA,acquired,0,2,11500000,6,63,1,0,1,1,0.7479,1.1616,0.1149843960352434,Low
Hashable,NY,closed,1,1,4000000,2,15,1,0,1,0,0.8904,0.8904,0.15011209641695153,Low
MyNines,NY,closed,1,1,500000,2,2,1,0,0,0,0.7151,0.7151,0.732372803024751,High
itzbig,TX,closed,1,1,4000000,2,9,1,0,1,0,0.7425,0.7425,0.5940779444705812,Medium
Loosecubes,NY,closed,1,2,9030000,2,8,1,0,1,0,0.0,2.4274,0.3003589844529425,Low
Avid Radiopharmaceuticals,PA,acquired,0,4,69900000,0,15,1,0,1,0,0.0658,4.3863,0.21332220917068176,Low
Contur,CA,closed,1,1,20000,1,2,0,0,0,0,0.6658,0.6658,0.9114389719869562,High
ExactTarget,IN,acquired,0,7,238209999,3,29,1,1,0,0,3.6384,11.9041,0.30398200800929526,Low
Rhythmia Medical,MA,acquired,0,3,14700000,2,3,0,1,0,1,3.1014,6.7342,0.2615331840597477,Low
MyMiniLife,CA,acquired,0,3,430000,2,4,0,0,0,0,-0.1288,0.8712,0.2602371483696864,Low
Adept Cloud,CA,acquired,0,2,1015000,1,5,0,1,1,0,1.337,1.4219,0.29294910497957893,Low
Factery,CA,closed,1,1,1200000,1,2,1,1,0,0,0.4438,0.4438,0.7856346940982024,High
"MeetMe, Inc.",PA,acquired,0,2,17100000,4,16,1,0,1,1,1.8301,3.3288,0.09565975553419159,Low
WildBlue,CO,acquired,0,1,50000000,1,0,1,1,0,0,4.6767,4.6767,0.40032854695070724,Medium
HeadCase Humanufacturing,CA,closed,1,1,900000,0,3,1,0,1,0,0.6548,0.6548,0.852563412772887,High
bluepulse,CA,closed,1,1,6000000,2,7,1,0,1,0,16.9863,16.9863,0.7530407876807462,High
Mr. Youth,NY,acquired,0,2,15100000,3,5,0,0,1,0,0.7479,7.0904,0.20709107442096156,Low
Teknovus,CA,acquired,0,5,62600000,2,7,1,1,1,1,1.0,8.8795,0.24348857568755405,Low
Qik,CA,acquired,0,4,14800000,3,15,1,1,0,1,1.8575,4.6027,0.12552262032887598,Low
EQAL,CA,acquired,0,2,6875000,5,30,1,1,1,0,0.0411,3.1425,0.19720124631180372,Low
IonLogix Systems,TX,closed,1,1,30000,0,1,0,0,0,0,0.8712,0.8712,0.9099381249849599,High
Atrica,CA,closed,1,1,22200000,1,10,1,0,0,0,6.263,6.263,0.26609863781594795,Low
Socialthing,CO,acquired,0,2,415000,2,6,1,0,0,0,0.2055,0.4329,0.259882677372796,Low
Next New Networks,NY,acquired,0,4,27063781,4,16,1,0,1,1,-0.1616,3.8329,0.10090311766914185,Low
AdECN,CA,acquired,0,1,3100000,1,6,1,0,1,0,3.0877,3.0877,0.2849081589060723,Low
Cuil,CA,closed,1,2,33000000,4,13,1,0,1,1,2.1616,3.2877,0.3236945670489368,Low
Sensory Networks,CA,acquired,0,3,17400000,2,2,1,1,0,0,2.7753,5.0027,0.3691259695027908,Medium
Flock,CA,acquired,0,5,28300000,4,17,1,0,1,1,0.0,3.3863,0.08598908428403901,Low
AdMob,CA,acquired,0,4,46800000,6,42,1,0,1,1,-0.2493,2.1644,0.11393889457701327,Low
FeeFighters,IL,acquired,0,3,1525000,2,5,1,0,0,0,1.3288,2.0301,0.24996999669184036,Low
WeHostels,NY,acquired,0,1,1200000,3,9,1,0,0,0,0.3397,0.3397,0.19730885093347253,Low
TimeBridge,CA,acquired,0,3,12400000,4,6,1,1,1,1,0.1781,4.0301,0.2558998946657859,Low
Lazarus Therapeutics,PA,closed,1,1,100000,0,1,1,1,0,0,4.5863,4.5863,0.8141323230581213,High
Loyalty Lab,CA,acquired,0,3,11000000,1,4,1,1,0,1,2.2219,7.3288,0.18961875909566517,Low
RentStuff.com,TN,acquired,0,2,675000,1,3,0,0,0,0,1.3397,2.2795,0.5951023700854297,Medium
ZManda,CA,acquired,0,2,13000000,0,5,1,0,1,1,0.0,2.3863,0.24367095126288124,Low
Jumo,NY,acquired,0,1,3500000,2,5,1,0,0,0,0.7479,0.7479,0.22059562065865,Low
Sionex,MA,closed,1,1,12000000,1,2,1,0,0,0,4.9342,4.9342,0.3078089151245894,Low
sezmi,CA,acquired,0,5,78573646,4,10,1,0,1,1,0.5808,4.8521,0.12215403214084546,Low
StudioNow,TN,acquired,0,3,15286415,1,2,0,0,1,0,0.4521,6.0822,0.5477642297024058,Medium
PicApp,CA,acquired,0,1,3200000,3,5,1,0,1,0,0.7123,0.7123,0.23628022115236072,Low
Million Dollar Earth,WA,closed,1,1,30000,1,1,0,0,0,0,0.0164,0.0164,0.9251733079572358,High
Composite Software,CA,acquired,0,3,14650003,1,28,0,0,0,0,0.0,10.8192,0.2951890468151008,Low
Terracotta,CA,acquired,0,2,23500000,1,9,1,1,0,1,3.1589,5.6712,0.1269007767834479,Low
FireStar Software,MA,closed,1,1,980000,0,2,0,0,0,0,5.0082,5.0082,0.7783850363161792,High
Aquest Systems,CA,closed,1,1,20000000,0,0,1,0,0,1,3.1562,3.1562,0.7587690298952332,High
Faves,WA,closed,1,1,1500000,0,4,0,0,0,0,-0.9178,-0.9178,0.7636049052830812,High
Generate,CA,acquired,0,2,8000000,1,0,1,0,1,0,4.1753,5.537000000000001,0.4398748918769369,Medium
Attributor,CA,acquired,0,4,25200000,3,13,1,0,1,1,0.326,4.6932,0.06720124796908941,Low
Greenplum Software,CA,acquired,0,4,61000000,2,21,1,0,1,1,2.7507,4.589,0.13827329126206386,Low
PlaySpan,CA,acquired,0,4,46300000,4,12,1,1,1,1,1.337,4.3041,0.08335636868895725,Low
JackBe,MD,acquired,0,4,24500000,5,15,1,0,0,1,4.0274,8.2712,0.14056277837457995,Low
D2C Games,CA,closed,1,2,7500000,1,1,0,0,1,0,0.9863,1.6575,0.6596596635466028,Medium
Zimbra,CA,acquired,0,1,14500000,3,19,1,0,0,0,3.2493,3.2493,0.08714247762094328,Low
Smith & Tinker,WA,closed,1,1,29000000,1,1,1,1,0,0,2.6493,2.6493,0.6820271390962857,High
Mu Dynamics,CA,acquired,0,3,24000000,1,5,1,0,1,1,0.0,3.3808,0.09337807366722921,Low
Fulcrum Microsystems,CA,acquired,0,4,81017493,1,2,1,1,0,0,5.3562,10.2082,0.37038313826226843,Medium
ReTel Technologies,CA,acquired,0,2,1000000,3,4,1,0,0,0,1.8493,2.1726,0.20421110162639483,Low
NexGen Storage,CO,acquired,0,2,12010000,2,14,1,1,1,0,1.1014,1.8712,0.12997871669787814,Low
WAY Systems,MA,acquired,0,1,22000000,3,2,1,0,0,0,3.7562,3.7562,0.23899094010213767,Low
Roxro Pharma,CA,closed,1,1,42700000,0,1,1,0,0,1,8.4493,8.4493,0.8313721058369099,High
Intelliden,CA,acquired,0,3,80000000,1,5,1,1,0,0,5.9753,7.3918,0.241799267458775,Low
Forrst,CA,acquired,0,1,205000,3,3,1,0,0,0,1.1589,1.1589,0.5360721855948517,Medium
XGraph,NY,acquired,0,1,3750000,2,5,1,0,1,0,1.7644,1.7644,0.16994478125403814,Low
Color Labs Inc.,CA,closed,1,2,41000000,2,11,1,0,1,1,0.0,0.6411,0.18956414577172725,Low
Playdom,CA,acquired,0,2,76000000,3,37,1,0,1,0,1.7781,2.3863,0.12841426458961197,Low
Digital Reef,MA,acquired,0,2,20000000,2,9,1,0,1,1,0.0,2.7507,0.0782541984111209,Low
Servio,CA,acquired,0,2,9356180,4,11,1,0,1,1,1.2877,3.8521,0.09389430187106308,Low
Advaliant,NY,closed,1,1,100000,2,6,0,0,0,0,-9.0466,-9.0466,0.7874066405840925,High
Vocalocity,GA,acquired,0,2,13600000,2,9,1,0,0,1,2.0767,4.6603,0.11076251535505811,Low
Dapper,CA,acquired,0,1,3000000,4,19,1,0,1,0,1.1671,1.1671,0.13475134812329073,Low
SeeSaw Networks,CA,closed,1,5,21138876,0,4,1,1,1,1,1.874,6.4767,0.45268229202480303,Medium
oneforty,MA,acquired,0,4,2345000,3,13,1,0,1,0,0.1945,0.7836,0.14475836602935402,Low
Smalltown,CA,closed,1,1,4000000,4,7,0,0,1,0,0.7945,0.7945,0.5763674755584313,Medium
Skyrider,CA,closed,1,2,17000000,2,2,1,1,0,0,3.811,5.1781,0.5113145379393952,Medium
SkillSlate,NY,acquired,0,1,1100000,1,8,1,0,0,0,1.8,1.8,0.2027422573357367,Low
AwesomeTouch,KY,acquired,0,4,59700,1,3,1,0,0,0,-0.2384,0.8493,0.5112045465703684,Medium
Syncplicity,CA,acquired,0,1,2350000,3,12,1,0,1,0,-0.0082,-0.0082,0.19977840191405477,Low
Fortisphere,VA,closed,1,1,10000000,1,2,1,0,1,0,1.8822,1.8822,0.6973179537350825,High
PlayerDuel,CA,closed,1,2,21189,1,2,1,1,0,0,0.6767,1.4493,0.8158969832820897,High
Aveksa,MA,acquired,0,3,28000000,2,7,1,0,1,1,2.4521,5.1562,0.11585058121707056,Low
PANTA Systems,CA,closed,1,1,9500000,0,0,0,1,0,0,3.3315,3.3315,0.8766142436680912,High
Beceem Communications,CA,acquired,0,3,69600000,1,5,1,1,0,1,1.7479,5.5616,0.18493469730598,Low
Trust Digital,VA,acquired,0,3,23500000,2,11,1,1,0,1,2.6822,6.4164,0.11706409611699188,Low
Sabrix,OR,acquired,0,1,13000000,1,6,1,0,0,0,4.4712,4.4712,0.1536423202982899,Low
Panther Express,NY,acquired,0,2,21750000,2,8,1,1,0,1,1.5616,3.1562,0.19571084579270873,Low
T-Networks,PA,closed,1,1,5750000,0,0,1,0,0,0,5.1644,5.1644,0.7174894881887508,High
BlueNote Networks,ME,acquired,0,2,23400000,1,1,1,0,1,1,0.7342,1.1753,0.395517162285827,Medium
Predictify,CA,closed,1,1,4300000,3,4,1,0,1,0,1.0685,1.0685,0.2230820569934634,Low
BreakingPoint Systems,TX,acquired,0,2,20000000,1,1,1,1,0,0,2.2082,4.6521,0.4398786351341357,Medium
OptiMedica,CA,acquired,0,2,51000000,1,16,1,0,0,0,4.2356,9.3616,0.16709232042563,Low
Metatomix,MA,acquired,0,4,27101994,1,2,1,1,0,1,3.6877,10.137,0.4716064396454961,Medium
Neterion,CA,acquired,0,1,6480000,1,6,1,0,0,0,5.1507,5.1507,0.21505279412753764,Low
Schooner Information Technology,CA,acquired,0,2,35000000,2,8,1,0,1,1,0.4192,2.2329,0.18695385967344647,Low
Swaptree Inc.,MA,closed,1,3,11300000,2,5,1,1,0,1,-3.5068,0.3945,0.5358533717820178,Medium
Nalace Corporation,GA,closed,1,1,19000,1,1,0,0,0,0,0.2986,0.2986,0.9072201197929045,High
Quidsi,NJ,acquired,0,6,78500000,3,27,1,0,1,1,1.6658,5.3014,0.09944169291374613,Low
spotdock,NY,closed,1,1,600000,0,4,0,0,0,0,0.1534,0.1534,0.7672645979160239,High
Netcordia,MD,acquired,0,2,13000000,1,3,1,0,1,1,5.4932,6.5836,0.1939159769558262,Low
SearchMe,CA,closed,1,5,43600000,3,7,1,0,1,1,0.0,2.8356,0.33285617166107606,Medium
Yammer,CA,acquired,0,5,142000000,3,38,1,0,1,1,0.3589,3.4712,0.12974465659324763,Low
Clever Sense,CA,acquired,0,2,2000000,2,6,1,1,1,0,2.1836,3.3068,0.24956783010537922,Low
AlterPoint,TX,acquired,0,3,26800000,1,4,1,0,1,1,2.0,4.0466,0.2847164522287343,Low
Shocking Technologies,CA,closed,1,6,55900000,1,2,1,1,1,1,1.2904,6.3889999999999985,0.6308759572912812,Medium
Ribbit,CA,acquired,0,2,11000000,3,14,1,0,1,1,1.6027,2.8137,0.06866158978406935,Low
StorSimple,CA,acquired,0,3,31500000,1,19,1,0,1,1,0.4137,2.474,0.09108400705114704,Low
NationalField,DC,acquired,0,1,1500000,2,4,0,1,0,0,3.3863,3.3863,0.33930638959739756,Medium
Tripl,NY,closed,1,3,900000,3,5,1,0,0,0,0.0082,1.1479,0.4166017747027112,Medium
Sadra Medical,CA,acquired,0,3,58000000,1,4,1,0,1,1,1.4603,6.3918,0.2597919020730527,Low
expressor software,MA,acquired,0,4,29050000,2,10,1,1,0,1,0.4959,4.9671,0.13950044449288532,Low
NSFW Corporation,NV,acquired,0,2,250000,2,3,1,0,0,0,0.7589,2.4521,0.6065202683625531,Medium
Azaire Networks,CA,closed,1,1,21000000,0,2,1,0,0,0,3.6493,3.6493,0.6489092161284807,Medium
Quigo,NY,acquired,0,2,35000000,0,25,1,1,1,0,4.1671,7.4356,0.2756980494660043,Low
Weatherista,CA,closed,1,1,500000,1,2,0,0,0,0,-0.0027,-0.0027,0.8581456152822162,High
Navini Networks,TX,acquired,0,2,30920000,1,3,1,1,0,0,5.6110000000000015,6.474,0.2520513567377216,Low
VirtualLogix,CA,acquired,0,4,29288979,1,9,1,1,1,1,2.0,8.0356,0.1253845208022434,Low
Exit41,MA,closed,1,4,24200000,2,11,1,1,1,0,8.0986,12.3671,0.703823123819419,High
SezWho,CA,acquired,0,1,1000000,3,4,0,0,1,0,1.0,1.0,0.3864991483789179,Medium
Jobs2Web,MN,acquired,0,2,5550000,1,3,1,0,1,0,1.0,3.0575,0.28588573409132256,Low
HighlightCam,CA,closed,1,2,3000000,3,8,1,0,1,0,-0.1534,2.3425,0.16209674488883827,Low
MerchantCircle,CA,acquired,0,2,14300000,3,13,1,0,1,1,0.6767,1.9178,0.11535676590988456,Low
Helicomm,CA,closed,1,1,1000000,0,0,0,1,0,0,4.2192,4.2192,0.9034982616628779,High
Kace networks,CA,acquired,0,2,11000000,1,7,1,1,0,1,2.5644,3.389,0.19544668797018738,Low
Thwapr,NY,closed,1,2,2000000,3,7,0,1,0,0,2.0027,3.0027,0.4617984198608316,Medium
Zinch,CA,acquired,0,2,5000000,2,17,1,1,0,0,0.8301,2.7178,0.17212553942960304,Low
Cloud.com,CA,acquired,0,1,11000000,2,12,1,0,0,1,2.0027,2.0027,0.11955785075779654,Low
"Wildfire, a division of Google",CA,acquired,0,4,14100000,4,19,1,0,1,1,0.4192,3.4192,0.05771370163253221,Low
Authenticlick,CA,closed,1,1,5000000,1,8,0,0,1,0,0.4932,0.4932,0.6033437726793206,Medium
Idooble,WA,closed,1,2,400000,1,1,0,0,0,0,0.0,1.5808,0.7465275145397716,High
BioSeek,CA,acquired,0,1,10000000,1,4,0,0,0,0,7.3945,7.3945,0.27817890397817135,Low
xkoto,MA,closed,1,3,11035000,1,3,1,1,0,1,0.8329,4.0712,0.43264518145663433,Medium
Coradiant,MA,acquired,0,1,12700000,2,9,1,0,0,0,5.6438,5.6438,0.07914859849807504,Low
QuantaLife,CA,acquired,0,2,20757182,1,3,1,0,0,1,2.9507,3.5562,0.2317609091977499,Low
BroadLight,CA,acquired,0,3,27000000,1,5,1,0,0,0,5.4658,7.2822,0.11269861238722538,Low
BBE,NY,acquired,0,1,10000000,3,7,0,0,1,0,3.7534,3.7534,0.2962835736237564,Low
TelASIC Communications,CA,closed,1,1,26000000,0,4,1,0,0,0,4.2219,4.2219,0.4616983403532604,Medium
LegiTime Technologies,CT,closed,1,2,4000000,0,2,1,0,1,0,2.1616,4.9562,0.7328245551554495,High
Mobius Microsystems,CA,acquired,0,2,20220000,1,3,1,0,1,1,2.0849,3.9425,0.19963019598865864,Low
Boonty,NY,acquired,0,1,10000000,3,7,1,0,0,1,4.3534,4.3534,0.14354355390621873,Low
B-Side Entertainment,NY,closed,1,2,7350000,3,8,1,0,1,1,1.5123,3.6082,0.31497890221628333,Low
Taggstr,CA,closed,1,1,50000,1,1,0,0,0,0,0.7671,0.7671,0.9121268511050414,High
Fashism,NY,closed,1,1,1000000,3,5,1,0,1,0,1.8822,1.8822,0.37336080837753727,Medium
Goodmail Systems,CA,closed,1,4,45000000,2,16,1,0,1,1,2.7945,6.0356,0.15650700364298328,Low
Nirvanix,CA,closed,1,5,70000000,5,22,1,1,1,1,0.2164,4.8438,0.24609904473438182,Low
LookStat,WA,closed,1,1,500000,2,3,1,0,1,0,1.3096,1.3096,0.669889882002163,High
Sweepery,CA,closed,1,2,500000,0,6,1,0,0,0,0.0849,1.3342,0.5213183522517061,Medium
Luminary Micro,TX,acquired,0,3,44000000,1,2,1,0,1,1,1.0877,3.6438,0.41806007649308896,Medium
ZettaCore,CO,closed,1,1,21000000,1,4,1,1,0,0,10.3644,10.3644,0.7258093484421606,High
Clicker,CA,acquired,0,2,19000000,2,12,1,0,1,1,0.7041,1.1315,0.09996644089899213,Low
iKoa,CA,closed,1,3,18700000,0,0,1,1,1,0,1.4247,4.5397,0.6222743513755307,Medium
SocialShield,CA,acquired,0,1,10000000,2,6,1,0,1,0,1.0932,1.0932,0.2210727177608583,Low
LeisureLogix,FL,closed,1,3,5900000,0,5,0,0,0,0,0.4192,0.4192,0.5756626143868239,Medium
Storwize,MA,acquired,0,2,28000000,2,13,1,0,0,1,3.4301,4.2548,0.07775786610160428,Low
AutoVirt,NH,closed,1,7,24300000,2,5,1,1,1,1,0.0,4.3945,0.43787114243178543,Medium
Loopt,CA,acquired,0,4,32006000,3,21,1,0,1,1,0.4137,5.3370000000000015,0.09294654138880214,Low
Blue Lane Technologies,CA,acquired,0,1,13400000,1,4,1,0,0,1,3.0877,3.0877,0.18735382919737384,Low
Socialcast,CA,acquired,0,3,9400000,3,18,1,0,1,1,3.8493,4.8329,0.061516562764884535,Low
Collective Intellect,CO,acquired,0,6,15324624,3,10,1,1,1,1,1.0849,7.937,0.1198029395442676,Low
Wavii,WA,acquired,0,1,2000000,2,3,1,0,0,0,1.3342,1.3342,0.5090664929110561,Medium
Seesmic,CA,acquired,0,3,16000000,4,24,1,0,1,1,0.4192,3.674,0.05517089497383157,Low
Apnex Medical,MN,closed,1,3,44000000,0,3,1,1,0,1,3.9205,6.7342,0.5474547948344957,Medium
MobileReactor,PA,closed,1,2,1175000,1,2,0,1,0,0,1.811,2.4548,0.7805019470748019,High
Echopass Corporation,CA,acquired,0,2,9000000,1,22,1,0,0,0,6.8329,10.2712,0.1806703169033851,Low
ID Analytics,CA,acquired,0,3,35150000,1,9,1,0,1,1,0.3288,5.3726,0.07941514333332184,Low
Vela Systems,MA,acquired,0,3,12000000,2,4,1,1,1,1,1.3288,5.6712,0.12962713714112173,Low
FlowCardia,CA,acquired,0,1,30000000,1,4,1,0,0,0,5.6629999999999985,5.6629999999999985,0.2543509315173427,Low
Bizanga,CA,acquired,0,1,8000000,1,5,1,0,0,1,6.1342,6.1342,0.18804097195944933,Low
Transpond,CA,acquired,0,1,4100000,3,6,1,0,1,0,2.0959,2.0959,0.19340573983185833,Low
Caterva,IL,closed,1,2,2408500,1,1,1,0,0,0,1.9562,3.5123,0.6925102076870515,High
Innovative Silicon,CA,closed,1,4,72000000,1,3,1,0,1,1,2.1644,5.8493,0.4812736474089629,Medium
Kardia Health Systems,MN,closed,1,2,18400000,1,2,0,1,0,0,1.0,2.0,0.7123271671866368,High
Biolex Therapeutics,NC,closed,1,7,162264126,1,4,1,1,0,1,8.0219,14.9726,0.7858186249711574,High
Foldrx Pharmaceuticals,MA,acquired,0,1,29000000,1,7,1,1,0,0,7.4575,7.4575,0.19338213227574144,Low
Klir Technologies,WA,closed,1,1,8700000,0,0,1,0,1,0,5.4247,5.4247,0.7478943483802184,High
MetaCarta,MA,acquired,0,1,10000000,2,12,1,0,0,0,4.6877,4.6877,0.06522590474599949,Low
Viridity Software,MA,acquired,0,2,15000000,2,5,1,0,1,1,0.9178,2.6329,0.09072437263842666,Low
Devtap,CA,closed,1,1,2600000,1,2,0,0,0,0,0.6685,0.6685,0.8344080291790209,High
Bebo,CA,acquired,0,1,15000000,3,30,1,0,1,0,1.3151,1.3151,0.10370359835575037,Low
SideTour,NY,acquired,0,3,4000000,2,7,1,0,1,0,0.0822,1.8164,0.1800314654154183,Low
SARcode Bioscience,CA,acquired,0,2,73000000,1,9,1,1,0,1,0.9151,5.5452,0.19287421459064777,Low
Lore,NY,acquired,0,4,12123837,3,5,1,0,1,0,0.3233,1.0986,0.1509695198314057,Low
Pelago,WA,acquired,0,3,22400000,3,18,1,1,1,1,0.9178,2.4877,0.1374288735682997,Low
Desk,CA,acquired,0,2,5700000,3,12,1,0,1,1,1.2849,2.0082,0.06882709802244048,Low
Trinity Biosystems,CA,closed,1,2,28500000,0,2,1,1,0,1,4.5452,7.8603,0.7192738544057821,High
Virtual Computer,MA,acquired,0,2,21000000,1,9,1,0,1,1,0.9151,2.0712,0.08261780542973816,Low
Oasys Mobile,NC,closed,1,1,8000000,1,1,0,1,0,0,21.8959,21.8959,0.833457205533102,High
Gamook,CA,closed,1,1,1500000,1,1,1,0,1,0,0.2055,0.2055,0.7165673765601154,High
Quattro Wireless,MA,acquired,0,3,28300000,4,17,1,0,1,1,0.5808,2.4603,0.0901665484246525,Low
ShopWell,CA,acquired,0,5,7939553,2,4,1,1,0,1,2.1452,4.9726,0.20770843162226663,Low
NewsBasis,CA,closed,1,1,545000,0,3,1,0,0,0,0.8329,0.8329,0.8542454401034035,High
Nexx Systems,MA,acquired,0,3,15247925,1,10,1,0,0,0,4.7452,8.9562,0.0866650937598722,Low
5min Media,NY,acquired,0,3,12800000,2,11,1,0,1,1,0.2466,2.5589,0.057412908481233475,Low
MyCabbage,IL,closed,1,2,950000,2,1,1,1,1,0,1.063,2.4822,0.7707251210046719,High
Gotuit,MA,acquired,0,2,16000000,5,6,1,0,1,1,2.9178,4.9205,0.1010708456400851,Low
TeleCIS Wireless,CA,acquired,0,1,10000000,1,2,1,0,0,0,6.0055,6.0055,0.4608571948353788,Medium
Snapette,NY,acquired,0,1,1500000,3,5,0,0,0,0,0.7781,0.7781,0.328305098683665,Low
EmSense,CA,closed,1,2,13000000,2,6,1,1,0,0,5.8438,6.9452,0.44910085513200104,Medium
MakerBot,NY,acquired,0,1,10000000,2,6,1,1,0,0,2.6411,2.6411,0.17753846102473955,Low
Image Space Media,NY,acquired,0,2,3915000,2,9,1,1,1,0,2.0521,2.9973,0.1463983230435993,Low
Wanderfly,NY,acquired,0,2,1400000,2,7,1,0,1,0,0.0,1.5041,0.25866322952614934,Low
walkby,IL,closed,1,2,650000,2,6,1,1,0,0,0.0,0.6904,0.5265897088185817,Medium
FameCast,TX,closed,1,3,9700000,4,5,1,1,1,0,0.4137,3.2438,0.4065196809071005,Medium
Cassatt,CA,acquired,0,1,15000000,1,6,1,0,0,0,3.1644,3.1644,0.18377421868254987,Low
VirtuOz,CA,acquired,0,4,38764000,3,18,1,1,1,1,3.7753,10.2548,0.13799498980594385,Low
SolFocus,CA,closed,1,8,211403000,2,6,1,1,1,1,0.3288,6.4192,0.5460359832436504,Medium
Nimbula,CA,acquired,0,2,20750000,3,8,1,0,1,1,2.4767,2.6438,0.18440416330612125,Low
Giftiki,CA,acquired,0,2,1020000,2,4,1,0,1,0,1.2493,1.8849,0.2234840451386404,Low
Storspeed,TX,closed,1,1,13000000,1,6,1,0,1,0,0.4301,0.4301,0.6243836366646713,Medium
SpaBooker,NY,acquired,0,2,14700000,2,8,1,0,1,0,0.1671,3.9178,0.18942552457875833,Low
Jajah,CA,acquired,0,4,33000000,4,19,1,0,1,1,1.1616,4.1644,0.07752966210304105,Low
Baxano,CA,acquired,0,1,30000000,0,5,1,0,0,0,5.4767,5.4767,0.29493828839281977,Low
RipCode,TX,closed,1,4,33000000,3,10,1,0,1,1,0.2384,3.7644,0.3862945363763688,Medium
VeteranCentral.com,DC,closed,1,1,150000,0,1,0,0,0,0,-0.5014,-0.5014,0.9110016081160514,High
RippleFunction,MA,closed,1,1,20000,1,3,0,0,0,0,0.1671,0.1671,0.765819138835258,High
CV Ingenuity,CA,closed,1,3,30926154,0,2,1,0,0,1,3.7589,5.0685,0.5729903812242368,Medium
AdexLink,CA,closed,1,1,2000000,0,0,0,0,0,0,0.8164,0.8164,0.9103598107696066,High
Certeon,MA,closed,1,2,19000000,1,2,1,1,0,1,4.5397,9.337,0.54556885984096,Medium
Applied Identity,CA,closed,1,3,33000000,1,2,1,0,1,1,3.0356,6.7534,0.5602004066532392,Medium
Prenova,GA,acquired,0,3,15650000,1,1,1,1,0,0,4.3562,6.3151,0.3268206832925972,Low
WooMe,CA,acquired,0,3,17400000,3,8,1,0,1,1,6.3342,7.5342,0.14127629188705348,Low
HelpMeRent.com,CA,closed,1,1,154000,2,5,0,0,0,0,0.8329,0.8329,0.7405230574480001,High
Mail.com Media Corporation,CA,closed,1,1,35000000,2,4,1,0,0,0,4.8082,4.8082,0.4412744091094265,Medium
DubMeNow,VA,closed,1,4,7516703,3,5,0,1,0,0,0.5836,4.4301,0.3082515216634584,Low
Smooth-Stone,TX,closed,1,1,48000000,3,1,1,1,0,0,2.6247,2.6247,0.6059173834338429,Medium
ONStor,CA,acquired,0,3,65800000,1,6,1,1,0,0,5.4219,8.3014,0.19407947592937178,Low
Relationship Analytics,NJ,closed,1,2,125000,1,2,0,0,0,0,0.6767,0.789,0.8194777259287288,High
Summize,VA,acquired,0,1,750000,3,5,1,0,0,0,0.5808,0.5808,0.33677325998892754,Medium
JouleX,GA,acquired,0,1,17000000,2,10,1,1,0,0,2.4384,2.4384,0.15399815538260817,Low
Etelos,CA,closed,1,3,4087500,3,4,0,1,0,0,10.4247,13.0877,0.7040610861929285,High
Make It Work,CA,closed,1,1,1000000,1,3,1,0,1,0,10.8795,10.8795,0.8020819695245907,High
MapMyFitness,TX,acquired,0,5,23500000,3,13,1,1,1,1,-0.1041,6.3644,0.19130373062141673,Low
What They Like,CA,closed,1,1,990000,0,2,0,0,1,0,0.0,0.0,0.9054409817570082,High
FetchBack,AZ,acquired,0,1,1000000,2,13,1,0,1,0,0.7534,0.7534,0.38452701697576175,Medium
Sermo,MA,acquired,0,4,41000000,2,15,1,1,1,1,0.6658,5.1315,0.10961677136828332,Low
Wi-Chi,OR,closed,1,1,7000000,0,3,1,0,1,0,0.3699,0.3699,0.7446240855768221,High
Alnara Pharmaceuticals,MA,acquired,0,2,55000000,1,4,1,0,1,1,0.8301,2.0767,0.1939688049008884,Low
Braintree,CA,acquired,0,2,69000000,2,10,1,0,1,1,3.7452,4.9671,0.2018376458996468,Low
Virident Systems,CA,acquired,0,8,129677153,3,25,1,1,1,1,1.3288,7.0795,0.2355790365411736,Low
Pearl Therapeutics,CA,acquired,0,6,232000100,0,4,1,0,1,0,2.5041,7.2521,0.3244262038799319,Low
Lexity,CA,acquired,0,2,5700000,3,5,1,0,1,0,0.0849,1.5863,0.20675453253937354,Low
Diligent Technologies,MA,acquired,0,1,10500000,1,3,1,0,0,0,5.6384,5.6384,0.1750811592296424,Low
eBillme,NY,closed,1,2,23000000,0,2,1,1,0,0,1.9699,3.9205,0.6649677116453715,High
Smilebox,WA,acquired,0,3,14000000,0,13,1,0,1,1,5.4329,9.4959,0.28532911283594936,Low
B-hive Networks,CA,acquired,0,2,7500000,0,4,1,0,1,0,1.6466,1.6466,0.3566774600371062,Medium
Hot Potato,NY,acquired,0,1,1420000,3,12,1,0,1,0,0.8986,0.8986,0.12550316783781165,Low
Kashless,WA,closed,1,2,9000000,2,1,1,1,1,0,0.1589,2.4274,0.7077203380860952,High
Three Screen Games,PA,closed,1,1,500000,0,3,1,1,0,0,0.7644,0.7644,0.8642992015867628,High
LaunchGram,CA,acquired,0,2,70000,2,4,1,0,0,0,0.0356,0.726,0.37157101022820826,Medium
BrightQube,CA,closed,1,2,850000,0,3,1,0,1,0,0.5808,1.6548,0.7688920875878986,High
ServiceMesh,CA,acquired,0,1,15000000,2,9,1,1,0,0,3.8767,3.8767,0.1335264075334359,Low
Lookery,CA,acquired,0,2,3150000,2,12,1,0,1,0,0.5205,1.0959,0.1573593309812271,Low
Wantful,CA,closed,1,1,5500000,2,6,1,0,1,0,1.2164,1.2164,0.3444071197190781,Medium
Zep Solar,CA,acquired,0,1,10571182,1,8,0,0,1,0,4.8877,4.8877,0.24134268390268096,Low
Help Me Rent Magazine,CA,closed,1,1,500000,0,13,0,0,0,0,0.5808,0.5808,0.7183570243730371,High
MOG,CA,acquired,0,7,24900000,3,12,1,1,1,0,0.9233,4.7425,0.2043910265588991,Low
Loud3r,CA,closed,1,2,3529175,3,12,0,1,1,0,1.7616,2.326,0.2516684998585201,Low
Oyster.com,NY,acquired,0,4,23400000,3,15,1,0,1,1,0.0,4.6164,0.08264483550050931,Low
LogLogic,CA,acquired,0,1,8800000,3,15,1,0,0,0,7.4027,7.4027,0.1636556217350406,Low
StyleTrek,NY,closed,1,1,1500000,1,2,1,0,0,0,0.0,0.0,0.7891944110553061,High
Sequoia Communications,CA,closed,1,7,74000000,0,3,1,1,0,0,4.8603,9.4247,0.5623848310682275,Medium
SnapNames,OR,acquired,0,3,8800000,2,3,0,0,1,1,1.4164,2.0,0.34952668768713424,Medium
Simple Star,CA,acquired,0,2,7100000,3,3,1,0,1,0,2.5808,4.6082,0.19429127517069633,Low
StyleFeeder,MA,acquired,0,3,3500000,6,8,1,1,1,0,1.3315,2.9973,0.16548933423132964,Low
FlashSoft,CA,acquired,0,1,3000000,2,6,1,0,1,0,1.589,1.589,0.17036652650801443,Low
TrustDegrees,NY,closed,1,2,11000,1,5,0,0,0,0,0.1288,0.274,0.5903392639323208,Medium
Symwave,CA,acquired,0,3,26200000,1,4,1,1,0,0,6.5452,8.6,0.1827032515791632,Low
Clearwell Systems,CA,acquired,0,2,29000000,3,6,1,0,0,1,1.3259999999999998,2.7096,0.18556230792367298,Low
Impeva,CA,closed,1,1,10000000,0,2,0,0,0,1,4.8438,4.8438,0.7737444489049555,High
Nettle,CA,closed,1,1,500000,3,3,1,0,0,0,0.8521,0.8521,0.5925836144684264,Medium
CubeTree,CA,acquired,0,3,11500000,3,3,1,0,1,1,0.0849,1.8384,0.19634189106824762,Low
Infochimps,TX,acquired,0,5,5350000,3,8,1,0,1,0,1.1699,3.8932,0.28650553269134454,Low
Songbird,CA,closed,1,3,11015719,4,27,1,1,1,0,0.6658,3.989,0.2955683397081125,Low
SimpleGeo,CA,acquired,0,3,9807367,3,30,1,0,1,0,0.5288,1.0466,0.09235207174269827,Low
1000memories,CA,acquired,0,2,2535000,2,8,1,0,1,0,-0.4959,0.6301,0.21830413812568394,Low
SensorLogic,TX,acquired,0,3,19000000,2,4,1,1,0,1,5.4658,8.9534,0.21742495905382503,Low
TouristEye,CA,acquired,0,3,475000,1,4,0,0,0,0,0.0,2.7644,0.2627680748941215,Low
Oberon Media,NY,acquired,0,2,36000000,1,16,1,1,0,1,5.7671,7.862999999999999,0.15513133406600643,Low
Arroyo Video Solutions,CA,acquired,0,1,12000000,0,4,1,0,0,0,3.1671,3.1671,0.47237474611958447,Medium
Aragon Pharmaceuticals,CA,acquired,0,4,122000000,1,15,1,0,1,1,0.4,3.7589,0.1431137260415219,Low
#waywire,NY,acquired,0,1,1750000,2,8,1,0,0,0,0.0795,0.0795,0.34744776790271165,Medium
Feedtrace,NY,acquired,0,1,130000,2,3,0,0,0,0,0.5562,0.5562,0.7076156656885417,High
Five Star Technologies,OH,closed,1,3,13222860,0,4,1,1,0,0,7.9178,10.9041,0.8068029299287685,High
Vontoo,IN,closed,1,2,2192000,3,10,0,1,0,1,4.1315,6.1507,0.4415476310094827,Medium
Allurent,MA,acquired,0,1,2000000,1,4,1,1,0,0,5.1452,5.1452,0.2772360639681121,Low
Quantivo,CA,acquired,0,2,9400000,2,11,1,0,1,0,3.0219,4.9589,0.10066420057059287,Low
Crossing Automation,CA,acquired,0,4,13045000,0,2,1,0,1,1,5.3452,7.2274,0.4270845538126532,Medium
Scrapblog,CA,acquired,0,4,10000000,3,8,1,0,1,1,0.1753,4.0986,0.1462357532645636,Low
Yield Software,CA,acquired,0,1,6000000,1,7,1,0,0,1,1.4247,1.4247,0.1677972442383599,Low
FlyCast,PA,closed,1,2,2100000,1,3,0,1,0,0,2.0,3.5562,0.5997132601205112,Medium
Off & Away,WA,acquired,0,2,3250000,3,3,1,1,1,0,0.4192,0.8877,0.48589865076012617,Medium
CypherMax,CA,closed,1,3,148000000,0,1,1,1,0,1,6.5726,7.1562,0.6853816379312557,High
Nexsan,CA,acquired,0,2,24500000,1,10,1,1,1,0,3.9178,9.3014,0.15761160501381039,Low
Tipping Bucket,UT,closed,1,2,72000,1,4,0,0,0,0,-0.0192,0.8959,0.4966604508390233,Medium
Qlusters,CA,closed,1,1,10360000,1,3,1,0,0,0,6.6027,6.6027,0.402082805184571,Medium
Producteev,NY,acquired,0,3,1310000,2,12,1,0,0,0,0.0192,1.5699,0.14622167646371578,Low
SpinTheCam,NY,closed,1,1,150000,1,1,0,0,0,0,-0.1151,-0.1151,0.8936573273196404,High
Amalfi Semiconductor,CA,acquired,0,3,64000000,2,5,1,1,0,1,3.0877,9.3178,0.20433320990926582,Low
Dormzy,OH,closed,1,1,250000,1,2,0,0,0,0,0.0,0.0,0.9373742445988963,High
iChange,CA,acquired,0,3,1830000,1,6,0,0,1,0,-0.2521,2.0877,0.22682123631889833,Low
AppFog,OR,acquired,0,2,9800000,4,10,1,0,1,1,0.4192,1.0247,0.1056766108794429,Low
HotPads,CA,acquired,0,1,2300000,3,15,0,0,1,0,1.8247,1.8247,0.3251414847262428,Low
Sampa,WA,closed,1,2,1310000,4,3,0,0,0,0,2.4192,3.0904,0.5180032269034642,Medium
DanceJam,CA,closed,1,2,4500000,5,4,1,0,0,1,0.0822,0.8384,0.2589711176897673,Low
Right90,CA,acquired,0,3,22000000,1,5,1,0,1,1,2.1616,5.7315,0.11546101226197047,Low
SocialMedia.com,CA,acquired,0,3,10000000,3,23,1,0,1,1,0.6658,2.0795,0.056679168371914355,Low
BuyWithMe,NY,acquired,0,4,36500000,3,21,1,0,1,1,0.8904,2.2521,0.07102938164448941,Low
Photobucket,CO,acquired,0,7,33672656,3,35,1,1,1,1,1.7507,9.9589,0.23219527791435005,Low
XtremIO,CA,acquired,0,3,19000000,1,4,1,0,1,1,0.8603,2.926,0.10450414133775258,Low
Level 5 Networks,CA,acquired,0,1,30000000,1,3,1,0,0,1,3.4685,3.4685,0.3723420165994209,Medium
Votizen,CA,acquired,0,2,2250000,2,6,1,1,0,0,1.5151,2.937,0.2449719054598441,Low
Siimpel Corporation,CA,acquired,0,6,53818873,1,7,1,1,0,0,5.8658,9.9644,0.22734164554345293,Low
TalkPlus,CA,closed,1,1,5500000,0,6,1,0,1,0,2.6658,2.6658,0.5980271394224381,Medium
Napera Networks,WA,acquired,0,1,6000000,2,3,1,0,1,0,1.9973,1.9973,0.4011270257480868,Medium
NebuAd,CA,closed,1,2,30150000,3,2,1,0,1,1,1.4959,1.6658,0.43469062601778075,Medium
Tercica,CA,acquired,0,2,83000000,0,11,0,1,0,0,3.7863,5.5123,0.407213352082522,Medium
Robotgalaxy,NY,closed,1,2,12000000,0,1,0,0,1,1,1.0,2.7096,0.6864601743820558,High
PasswordBank,CA,acquired,0,2,3500000,2,6,0,0,1,0,0.1644,1.4986,0.23807898818901058,Low
SnapTell,CA,acquired,0,1,4000000,3,5,1,0,1,0,1.4301,1.4301,0.18187315264802018,Low
Gigi Hill,CA,closed,1,2,4000000,0,9,1,0,1,0,2.4521,3.6027,0.43838770685334283,Medium
CloudShield Technologies,CA,acquired,0,2,25000000,1,11,1,1,0,0,5.8274,7.7151,0.1348864824688872,Low
Instinctiv,NY,acquired,0,3,1420698,1,5,1,1,0,0,0.8356,3.7616,0.29365968229367356,Low
Anchor Bay Technologies,CA,acquired,0,2,10000000,1,5,1,1,1,0,1.6219,5.3315,0.26551354655112286,Low
Waze,CA,acquired,0,3,67000000,5,18,1,0,1,1,1.1644,4.7973,0.07562473208424433,Low
Aster Data Systems,CA,acquired,0,4,53000000,3,13,1,0,1,1,0.337,5.2301,0.07293275225585066,Low
Diversion,CA,closed,1,2,300000,2,5,1,0,0,1,0.4658,1.2247,0.48266903770926284,Medium
Codesion,CA,acquired,0,3,1400000,2,4,0,0,0,0,5.6685,8.5014,0.1959651480926548,Low
Xoopit,CA,acquired,0,2,6500000,3,4,1,0,1,0,2.9178,4.2548,0.16321768210733728,Low
One Block Off the Grid (1BOG),CA,acquired,0,1,5000000,3,8,1,0,1,0,1.2795,1.2795,0.19743274188195503,Low
Appature,WA,acquired,0,2,9600000,2,6,1,0,1,0,2.9342,5.5342,0.18173728904566488,Low
Action Engine,WA,acquired,0,5,58200000,3,9,1,0,1,1,0.2466,7.4164,0.16346313971941237,Low
Blackwave,MA,acquired,0,3,28000000,2,14,1,0,1,1,0.9151,3.7479,0.07659950383636878,Low
SoftLayer,TX,acquired,0,2,30000000,3,10,0,1,0,0,4.7479,5.2301,0.2718229487988397,Low
Mytopia,CA,acquired,0,2,3500000,2,10,0,0,1,0,1.0,2.1644,0.2068962865392005,Low
JackPot Rewards,MA,closed,1,1,16700000,2,7,0,0,1,0,0.0849,0.0849,0.5777024770465874,Medium
Andigilog,AZ,closed,1,1,18000000,0,0,1,0,0,1,11.1452,11.1452,0.8322837735931649,High
BARRX Medical,CA,acquired,0,1,15000000,1,6,1,0,0,0,7.537000000000001,7.537000000000001,0.32520553684391673,Low
Power Analog Microelectronics,CA,closed,1,2,12000000,0,2,1,0,1,1,3.9178,3.9178,0.5348557755790001,Medium
Classiphix,OH,closed,1,1,15000,1,1,0,0,0,0,1.2849,1.2849,0.9040365159200598,High
StartupDigest,WA,acquired,0,1,200000,3,11,0,1,0,0,1.3096,1.3096,0.43841750331754686,Medium
WiLinx,CA,closed,1,1,15000000,0,0,0,0,0,0,4.0274,4.0274,0.8011615948532066,High
Cohuman,CA,acquired,0,2,1400000,2,4,0,0,0,0,-0.0822,1.2301,0.2236906690499537,Low
Correlix,NY,closed,1,4,11400000,1,5,1,1,0,1,-0.8658,6.1233,0.4687284390411681,Medium
Redwood Systems,CA,acquired,0,4,34250000,2,14,1,1,1,1,0.7562,4.4137,0.06356607780811033,Low
OtherInbox,TX,acquired,0,4,3800000,4,4,1,0,1,0,0.0,2.7205,0.31015090087157376,Low
M-Factor,CA,acquired,0,2,10100000,1,3,1,1,0,0,4.4521,6.1151,0.31894915976372773,Low
Athena Design Systems,CA,closed,1,1,4000000,0,0,1,0,0,1,4.0795,4.0795,0.802667418309836,High
Servo Software,CA,acquired,0,1,3011408,3,11,1,0,0,1,1.9562,1.9562,0.11641121970753349,Low
Levanta,CA,closed,1,1,8000000,1,2,1,1,0,0,9.7315,9.7315,0.774193276773839,High
EdgeSpring,CA,acquired,0,2,12700000,1,15,1,0,1,0,0.0,2.8795,0.11215922678952045,Low
DotSpots,CA,closed,1,1,300000,4,5,0,0,0,0,0.0,0.0,0.7498635017567511,High
about.me,CA,acquired,0,1,5675000,2,21,1,1,0,0,0.0,0.0,0.262827371909676,Low
Republic Project,CA,acquired,0,1,1000000,2,13,1,0,0,0,4.0877,4.0877,0.1429327633602904,Low
Hit Systems,FL,closed,1,1,125000,0,2,0,0,0,0,0.0,0.0,0.9325000528650645,High
Yamisee,CT,closed,1,2,700000,2,2,0,0,0,0,0.2247,0.9534,0.6987802725160086,High
Thinkfuse,WA,acquired,0,2,532000,2,6,1,0,0,0,0.2521,0.6438,0.288259768160257,Low
EchoSign,CA,acquired,0,2,8500000,3,8,1,0,1,1,0.2137,2.2137,0.1631672076525833,Low
PI Corporation,WA,acquired,0,1,9400000,3,2,1,0,0,1,3.5699,3.5699,0.4985303541887128,Medium
"MoveableCode, Inc.",RI,closed,1,2,350000,1,3,1,0,0,0,-1.0,2.2493,0.6920081159825326,High
Daylife,NY,acquired,0,2,12300000,3,16,1,0,0,1,1.1671,3.2110000000000003,0.09053560267541275,Low
Desktone,MA,acquired,0,5,25413298,1,6,1,1,1,1,1.5753,5.9589,0.21274529425843136,Low
Pulse,CA,acquired,0,2,9800000,2,23,1,0,1,0,0.4329,1.126,0.09417786262294436,Low
Opzi,CA,closed,1,2,1015000,2,5,1,0,0,0,-0.3288,0.337,0.26673029060051157,Low
Standing Cloud,CO,acquired,0,5,10000003,2,4,1,1,1,1,0.0,3.4712,0.23354180497351137,Low
Where I've Been,IL,acquired,0,2,1750000,2,3,1,1,0,0,0.7699,2.8548,0.4274852034026603,Medium
HipChat,CA,acquired,0,1,100000,2,4,1,0,0,0,0.9397,0.9397,0.37115039146118695,Medium
ScaleIO,CA,acquired,0,1,12000000,2,1,1,1,0,0,1.926,1.926,0.46040307438153366,Medium
GroupMe,NY,acquired,0,2,11450000,3,16,1,0,0,1,0.3178,0.6795,0.0892902870309707,Low
WeAre.Us,CA,closed,1,1,50000,2,7,0,0,0,0,0.6685,0.6685,0.7554728886377662,High
Kickfire,CA,closed,1,1,20000000,2,4,1,0,0,1,2.5808,2.5808,0.35994970055618347,Medium
"LifeSize, a Division of Logitech",TX,acquired,0,2,42500000,3,16,1,0,0,0,2.9671,3.7151,0.23692576996127954,Low
CHiL Semiconductor,CA,acquired,0,3,22487000,2,7,1,1,0,1,0.0,2.3479,0.21392269858427526,Low
Aptana,CA,acquired,0,1,7800000,2,3,1,1,0,0,2.5342,2.5342,0.3043928189411356,Low
Enpirion,NJ,acquired,0,4,59000000,1,8,1,0,0,1,3.9726,10.2493,0.24013772445925335,Low
RFinity,ID,closed,1,1,4000000,4,5,1,0,1,0,2.337,2.337,0.3756765329638221,Medium
ecoATM,CA,acquired,0,4,71400000,3,6,1,1,1,0,1.5452,4.5178,0.22815417945660524,Low
Adura Technologies,CA,acquired,0,3,25500000,1,5,1,0,1,1,0.7918,4.3205,0.0825267625714389,Low
Rhythm NewMedia,CA,acquired,0,4,28932322,3,28,1,1,0,0,5.8603,7.6986,0.11496312480038287,Low
Topsy Labs,CA,acquired,0,6,35200000,3,18,1,1,1,1,0.9616,5.7151,0.08150381880520305,Low
Digit Wireless,MA,closed,1,2,10000000,1,2,1,1,0,0,5.2027,8.1178,0.5694759492528456,Medium
Silver Tail Systems,CA,acquired,0,3,22100000,4,11,1,1,1,1,0.7178,3.7068,0.10788366136148927,Low
Tatara Systems,MA,acquired,0,5,33000000,1,4,1,1,0,1,3.0521,9.4767,0.2316660381327238,Low
Reliant Technologies,CA,acquired,0,1,15000000,1,9,1,0,0,0,6.2986,6.2986,0.1855988260536362,Low
Atrua Technologies,CA,acquired,0,3,13000000,1,6,1,0,0,0,6.937,9.1589,0.220796802761529,Low
Casabi,CA,acquired,0,2,12800000,1,5,1,0,1,1,1.9671,3.1945,0.13443074661543278,Low
Peek & Co,NY,closed,1,2,626096,3,6,1,1,1,0,0.1671,3.7808,0.39468099898473635,Medium
Bluefin Labs,MA,acquired,0,4,20350000,3,12,1,0,1,1,-0.1671,3.6493,0.11497293917414576,Low
C2 Microsystems,CA,closed,1,1,10000000,1,1,1,1,0,0,5.7836,5.7836,0.6054962378288657,Medium
GoPollGo,CA,acquired,0,1,425000,3,5,1,0,0,0,0.5671,0.5671,0.2586258639462573,Low
Multigig,CA,acquired,0,3,37891054,1,5,1,1,0,1,5.3644,7.9781,0.15630652920838242,Low
Ortiva Wireless,CA,acquired,0,5,40000000,1,9,1,1,1,1,1.0877,7.7616,0.13601269756561563,Low
Sometrics,CA,acquired,0,3,5550000,4,10,1,0,1,1,0.7014,2.126,0.07356946174477012,Low
Kima Labs,CA,acquired,0,1,770000,3,3,1,0,0,0,0.5808,0.5808,0.5129295663893823,Medium
Chronicity,TX,closed,1,4,19550000,0,0,1,1,1,0,0.1068,4.7342,0.6841945007424975,High
Whiskey Media,CA,acquired,0,2,4000000,1,6,0,1,0,0,1.4795,2.2521,0.2816415578912469,Low
Jobfox,VA,acquired,0,4,42000000,4,14,1,0,1,1,1.0849,5.8192,0.10831267547094245,Low
Natural Cleaners Colorado,CO,closed,1,1,1900000,0,0,1,0,1,0,3.6548,3.6548,0.7970658208689272,High
Gaikai,CA,acquired,0,3,45039999,3,21,1,0,1,1,1.1781,2.7151,0.07046239067989735,Low
Blue Buzz Network,CA,closed,1,1,1310000,1,1,1,1,0,0,4.5315,4.5315,0.7452355678749211,High
Max-Viz,OR,acquired,0,1,3000000,1,3,0,0,1,0,7.0027,7.0027,0.45339178000078667,Medium
Cotendo,CA,acquired,0,4,36000000,3,9,1,0,1,1,0.0,3.4548,0.11801531826421588,Low
Particle Code,CA,acquired,0,1,3000000,1,3,0,1,0,0,0.1644,0.1644,0.5669667565409688,Medium
Flowgram,CA,closed,1,1,1300000,3,1,1,0,0,0,0.6685,0.6685,0.6040445587341662,Medium
JavaJobs,AR,closed,1,1,50000,1,1,0,1,0,0,9.7534,9.7534,0.8735995674522304,High
Behance,NY,acquired,0,1,6500000,3,15,1,0,1,0,6.2849,6.2849,0.10780439051362035,Low
Locu,MA,acquired,0,2,4600000,2,5,1,0,1,0,0.6822,1.3096,0.1281930173870047,Low
dynaTrace software,MA,acquired,0,3,21900000,2,5,1,1,1,1,2.1233,6.0192,0.12108978232772075,Low
Socialbomb,NY,acquired,0,1,240000,1,6,1,0,0,0,0.4904,0.4904,0.3914222309411311,Medium
Imagine Communications,CA,acquired,0,4,34700000,1,17,1,1,1,1,0.0,5.3014,0.10656735455431475,Low
Univa UD,IL,acquired,0,4,33000000,2,4,1,1,1,1,1.2274,5.8712,0.2208385299276364,Low
Tutorspree,NY,closed,1,2,1800000,2,3,1,1,0,0,1.3014,2.4685,0.5524603768643042,Medium
OneRiot,CO,acquired,0,3,27300000,4,14,1,0,1,1,0.0,3.6548,0.08475843236616523,Low
Moonshoot,CA,closed,1,2,6760000,2,6,1,1,0,0,3.1342,5.2521,0.430249302106011,Medium
ArcSight,CA,acquired,0,3,26914000,3,24,1,0,1,1,0.0,6.4986,0.05503376475668373,Low
AGEIA Technologies,CA,acquired,0,1,27500000,0,1,1,0,0,0,3.7562,3.7562,0.5012307773530503,Medium
U.S. Fiduciary,TX,closed,1,1,9000000,0,4,1,0,0,0,4.2795,4.2795,0.48930801793292517,Medium
Broadway Networks,CA,closed,1,1,954000,1,3,0,1,0,0,4.0356,4.0356,0.6745341771506179,High
Xelerated,CA,acquired,0,3,53000000,0,4,1,0,0,0,5.3041,8.6247,0.3254552188746124,Low
Oodle,CA,acquired,0,4,23100000,3,17,1,1,1,1,2.3315,6.6767,0.08429268019023581,Low
The Climate Corporation,CA,acquired,0,4,108900000,2,28,1,0,1,1,1.0,6.4548,0.13016588977961432,Low
Kosmix,CA,acquired,0,4,55000000,5,26,1,0,1,1,0.8329,3.937,0.06694751996914505,Low
Xtify Inc.,NY,acquired,0,2,5686383,3,9,0,0,1,0,1.0822,2.8548,0.2248936058036011,Low
Limerick BioPharma,CA,closed,1,6,49008830,1,4,1,1,1,0,4.4466,8.0849,0.4362021677702079,Medium
iSkoot,CA,acquired,0,3,32200000,0,10,1,0,1,1,1.6055,3.5479,0.1952105212978935,Low
Rudder,TX,closed,1,1,2000000,1,3,0,0,1,0,1.2904,1.2904,0.7344192185566717,High
Panvidea,NY,acquired,0,1,2700000,2,5,1,0,1,0,3.2137,3.2137,0.18865711666653054,Low
Sway,WI,closed,1,1,2000000,2,6,0,0,1,0,5.1315,5.1315,0.44147263690035726,Medium
TRAFFIQ,NY,acquired,0,3,18000000,3,16,1,1,1,1,0.0,3.9288,0.08704428713268195,Low
Dexterra,WA,acquired,0,5,122500000,2,9,1,1,0,0,5.6301,8.7589,0.15353921410622204,Low
CoTweet,CA,acquired,0,1,1100000,2,9,1,0,1,0,0.5178,0.5178,0.34931845651567855,Medium
Reef Point Systems,MA,closed,1,3,52000000,1,1,1,1,0,1,7.2521,9.2274,0.6078091799904932,Medium
Paracor Medical,CA,closed,1,1,44000000,1,5,1,0,0,0,8.4959,8.4959,0.7059728772142752,High
Causata,CA,acquired,0,2,15500000,2,12,1,0,1,1,0.7589,2.8329,0.06078727937151604,Low
Asempra Technologies,CA,acquired,0,1,20000000,1,4,1,0,0,1,3.1205,3.1205,0.20674827884182354,Low
